[{"StudyYear":2,"Name":"Ondřej","Surname":"BERČÍK"},{"StudyYear":2,"Name":"Michal","Surname":"BEZDĚK"},{"StudyYear":2,"Name":"Jakub","Surname":"BRÁZDIL"},{"StudyYear":2,"Name":"Dominik Ján","Surname":"BYSTRIANSKÝ"},{"StudyYear":2,"Name":"František","Surname":"HASTÍK"},{"StudyYear":2,"Name":"Václav","Surname":"KLVAŇA"},{"StudyYear":2,"Name":"Iveta","Surname":"KOVAŘÍKOVÁ"},{"StudyYear":2,"Name":"Michal","Surname":"KRUPÍK"},{"StudyYear":2,"Name":"Martin","Surname":"KRÚZA"},{"StudyYear":2,"Name":"David","Surname":"KUČERA"},{"StudyYear":2,"Name":"Rostislav","Surname":"LIŠKA"},{"StudyYear":2,"Name":"Petr","Surname":"MEIXNER"},{"StudyYear":2,"Name":"Erik Daniel","Surname":"MURGAŠ"},{"StudyYear":2,"Name":"Tomáš","Surname":"NÁDVORNÍK"},{"StudyYear":2,"Name":"Lukáš","Surname":"NETŘEBA"},{"StudyYear":2,"Name":"Katarína","Surname":"OLEJKOVÁ"},{"StudyYear":2,"Name":"Ondřej","Surname":"PAVELKA"},{"StudyYear":2,"Name":"Václav","Surname":"PROCHÁZKA"},{"StudyYear":2,"Name":"Zdeněk","Surname":"RIEGEL"},{"StudyYear":2,"Name":"Karyna","Surname":"ROZNIUK"},{"StudyYear":2,"Name":"Yevhenii","Surname":"RUBANSKYI"},{"StudyYear":2,"Name":"Marek","Surname":"SCHINDLER"},{"StudyYear":2,"Name":"Martin","Surname":"SCHMIDKE"},{"StudyYear":2,"Name":"Jan","Surname":"STŘELÁK"},{"StudyYear":2,"Name":"Michal","Surname":"ŠIMČÍK"},{"StudyYear":2,"Name":"Martin","Surname":"ŠKULAVÍK"},{"StudyYear":2,"Name":"Michal","Surname":"TOMÁŠEK"},{"StudyYear":2,"Name":"Martin","Surname":"VÍTEK"},{"StudyYear":2,"Name":"Alexandr","Surname":"VYROUBAL"}]