<?xml version="1.0" encoding="utf-8"?>
<predmetyKatedry xmlns:xsd="http://www.w3.org/2001/XMLSchema" xmlns:xsi="http://www.w3.org/2001/XMLSchema-instance">
  <predmetKatedry>
    <katedra>KMI</katedra>
    <zkratka>AKTI</zkratka>
    <rok>2020</rok>
    <nazev>Aktuální témata z informatiky</nazev>
    <semestr>ZS</semestr>
    <maVyuku>A</maVyuku>
    <vyukaZS>A</vyukaZS>
    <vyukaLS>N</vyukaLS>
    <jazyk1>CZ</jazyk1>
    <nabizetPrijezdyEcts>N</nabizetPrijezdyEcts>
    <pocetStudentu>0</pocetStudentu>
    <aSkut>0</aSkut>
    <bSkut>0</bSkut>
    <cSkut>0</cSkut>
  </predmetKatedry>
  <predmetKatedry>
    <katedra>KMI</katedra>
    <zkratka>ALGO</zkratka>
    <rok>2020</rok>
    <nazev>Algoritmizace</nazev>
    <semestr>ZS</semestr>
    <maVyuku>A</maVyuku>
    <vyukaZS>A</vyukaZS>
    <vyukaLS>N</vyukaLS>
    <jazyk1>CZ</jazyk1>
    <nabizetPrijezdyEcts>N</nabizetPrijezdyEcts>
    <pocetStudentu>41</pocetStudentu>
    <aSkut>41</aSkut>
    <bSkut>0</bSkut>
    <cSkut>0</cSkut>
  </predmetKatedry>
  <predmetKatedry>
    <katedra>KMI</katedra>
    <zkratka>ALGO1</zkratka>
    <rok>2020</rok>
    <nazev>Algoritmy 1</nazev>
    <semestr>ZS</semestr>
    <maVyuku>A</maVyuku>
    <vyukaZS>A</vyukaZS>
    <vyukaLS>N</vyukaLS>
    <jazyk1>CZ</jazyk1>
    <nabizetPrijezdyEcts>N</nabizetPrijezdyEcts>
    <pocetStudentu>134</pocetStudentu>
    <cMax>15</cMax>
    <aSkut>134</aSkut>
    <bSkut>0</bSkut>
    <cSkut>0</cSkut>
  </predmetKatedry>
  <predmetKatedry>
    <katedra>KMI</katedra>
    <zkratka>ALGO3</zkratka>
    <rok>2020</rok>
    <nazev>Algoritmy 3</nazev>
    <semestr>ZS</semestr>
    <maVyuku>A</maVyuku>
    <vyukaZS>A</vyukaZS>
    <vyukaLS>N</vyukaLS>
    <jazyk1>CZ</jazyk1>
    <nabizetPrijezdyEcts>N</nabizetPrijezdyEcts>
    <pocetStudentu>0</pocetStudentu>
    <aMax>9</aMax>
    <bMax>34</bMax>
    <cMax>0</cMax>
    <aSkut>0</aSkut>
    <bSkut>0</bSkut>
    <cSkut>0</cSkut>
  </predmetKatedry>
  <predmetKatedry>
    <katedra>KMI</katedra>
    <zkratka>ALG1</zkratka>
    <rok>2020</rok>
    <nazev>Algebra 1</nazev>
    <semestr>ZS</semestr>
    <maVyuku>A</maVyuku>
    <vyukaZS>A</vyukaZS>
    <vyukaLS>A</vyukaLS>
    <jazyk1>CZ</jazyk1>
    <nabizetPrijezdyEcts>N</nabizetPrijezdyEcts>
    <pocetStudentu>0</pocetStudentu>
    <aSkut>0</aSkut>
    <bSkut>0</bSkut>
    <cSkut>0</cSkut>
  </predmetKatedry>
  <predmetKatedry>
    <katedra>KMI</katedra>
    <zkratka>ALG2</zkratka>
    <rok>2020</rok>
    <nazev>Algebra 2</nazev>
    <semestr>ZS</semestr>
    <maVyuku>A</maVyuku>
    <vyukaZS>A</vyukaZS>
    <vyukaLS>N</vyukaLS>
    <jazyk1>CZ</jazyk1>
    <nabizetPrijezdyEcts>N</nabizetPrijezdyEcts>
    <pocetStudentu>13</pocetStudentu>
    <cMax>10</cMax>
    <aSkut>12</aSkut>
    <bSkut>0</bSkut>
    <cSkut>1</cSkut>
  </predmetKatedry>
  <predmetKatedry>
    <katedra>KMI</katedra>
    <zkratka>ALM1</zkratka>
    <rok>2020</rok>
    <nazev>Algoritmy 1</nazev>
    <semestr>ZS</semestr>
    <maVyuku>A</maVyuku>
    <vyukaZS>A</vyukaZS>
    <vyukaLS>N</vyukaLS>
    <jazyk1>CZ</jazyk1>
    <nabizetPrijezdyEcts>N</nabizetPrijezdyEcts>
    <pocetStudentu>10</pocetStudentu>
    <cMax>15</cMax>
    <aSkut>6</aSkut>
    <bSkut>4</bSkut>
    <cSkut>0</cSkut>
  </predmetKatedry>
  <predmetKatedry>
    <katedra>KMI</katedra>
    <zkratka>ALM3</zkratka>
    <rok>2020</rok>
    <nazev>Algoritmy 3</nazev>
    <semestr>ZS</semestr>
    <maVyuku>A</maVyuku>
    <vyukaZS>A</vyukaZS>
    <vyukaLS>N</vyukaLS>
    <jazyk1>CZ</jazyk1>
    <nabizetPrijezdyEcts>N</nabizetPrijezdyEcts>
    <pocetStudentu>36</pocetStudentu>
    <aMax>9</aMax>
    <bMax>40</bMax>
    <cMax>0</cMax>
    <aSkut>0</aSkut>
    <bSkut>36</bSkut>
    <cSkut>0</cSkut>
  </predmetKatedry>
  <predmetKatedry>
    <katedra>KMI</katedra>
    <zkratka>ALOB</zkratka>
    <rok>2020</rok>
    <nazev>Algoritmické obchodování</nazev>
    <semestr>ZS</semestr>
    <maVyuku>A</maVyuku>
    <vyukaZS>A</vyukaZS>
    <vyukaLS>N</vyukaLS>
    <jazyk1>CZ</jazyk1>
    <nabizetPrijezdyEcts>N</nabizetPrijezdyEcts>
    <pocetStudentu>0</pocetStudentu>
    <aSkut>0</aSkut>
    <bSkut>0</bSkut>
    <cSkut>0</cSkut>
  </predmetKatedry>
  <predmetKatedry>
    <katedra>KMI</katedra>
    <zkratka>ALS1</zkratka>
    <rok>2020</rok>
    <nazev>Algoritmy pro rozsáhlá data</nazev>
    <semestr>ZS</semestr>
    <maVyuku>A</maVyuku>
    <vyukaZS>A</vyukaZS>
    <vyukaLS>N</vyukaLS>
    <jazyk1>CZ</jazyk1>
    <nabizetPrijezdyEcts>N</nabizetPrijezdyEcts>
    <pocetStudentu>10</pocetStudentu>
    <cMax>10</cMax>
    <aSkut>10</aSkut>
    <bSkut>0</bSkut>
    <cSkut>0</cSkut>
  </predmetKatedry>
  <predmetKatedry>
    <katedra>KMI</katedra>
    <zkratka>ALS3</zkratka>
    <rok>2020</rok>
    <nazev>Algoritmy a složitost 3</nazev>
    <semestr>ZS</semestr>
    <maVyuku>A</maVyuku>
    <vyukaZS>A</vyukaZS>
    <vyukaLS>N</vyukaLS>
    <jazyk1>CZ</jazyk1>
    <jazyk2>AN</jazyk2>
    <nabizetPrijezdyEcts>A</nabizetPrijezdyEcts>
    <pocetStudentu>0</pocetStudentu>
    <cMax>5</cMax>
    <aSkut>0</aSkut>
    <bSkut>0</bSkut>
    <cSkut>0</cSkut>
  </predmetKatedry>
  <predmetKatedry>
    <katedra>KMI</katedra>
    <zkratka>AL1</zkratka>
    <rok>2020</rok>
    <nazev>Algebra 1</nazev>
    <semestr>ZS</semestr>
    <maVyuku>A</maVyuku>
    <vyukaZS>A</vyukaZS>
    <vyukaLS>N</vyukaLS>
    <jazyk1>CZ</jazyk1>
    <nabizetPrijezdyEcts>N</nabizetPrijezdyEcts>
    <pocetStudentu>0</pocetStudentu>
    <aSkut>0</aSkut>
    <bSkut>0</bSkut>
    <cSkut>0</cSkut>
  </predmetKatedry>
  <predmetKatedry>
    <katedra>KMI</katedra>
    <zkratka>AM3AI</zkratka>
    <rok>2020</rok>
    <nazev>Algoritmická matematika 3</nazev>
    <semestr>ZS</semestr>
    <maVyuku>A</maVyuku>
    <vyukaZS>A</vyukaZS>
    <vyukaLS>N</vyukaLS>
    <jazyk1>CZ</jazyk1>
    <nabizetPrijezdyEcts>N</nabizetPrijezdyEcts>
    <pocetStudentu>0</pocetStudentu>
    <cMax>0</cMax>
    <aSkut>0</aSkut>
    <bSkut>0</bSkut>
    <cSkut>0</cSkut>
  </predmetKatedry>
  <predmetKatedry>
    <katedra>KMI</katedra>
    <zkratka>BAK2</zkratka>
    <rok>2020</rok>
    <nazev>Bakalářská práce 2</nazev>
    <semestr>ZS</semestr>
    <maVyuku>A</maVyuku>
    <vyukaZS>A</vyukaZS>
    <vyukaLS>N</vyukaLS>
    <jazyk1>CZ</jazyk1>
    <nabizetPrijezdyEcts>N</nabizetPrijezdyEcts>
    <pocetStudentu>40</pocetStudentu>
    <cMax>0</cMax>
    <aSkut>40</aSkut>
    <bSkut>0</bSkut>
    <cSkut>0</cSkut>
  </predmetKatedry>
  <predmetKatedry>
    <katedra>KMI</katedra>
    <zkratka>BP2</zkratka>
    <rok>2020</rok>
    <nazev>Bakalářská práce 2</nazev>
    <semestr>ZS</semestr>
    <maVyuku>A</maVyuku>
    <vyukaZS>A</vyukaZS>
    <vyukaLS>N</vyukaLS>
    <jazyk1>CZ</jazyk1>
    <nabizetPrijezdyEcts>N</nabizetPrijezdyEcts>
    <pocetStudentu>0</pocetStudentu>
    <cMax>0</cMax>
    <aSkut>0</aSkut>
    <bSkut>0</bSkut>
    <cSkut>0</cSkut>
  </predmetKatedry>
  <predmetKatedry>
    <katedra>KMI</katedra>
    <zkratka>DASY</zkratka>
    <rok>2020</rok>
    <nazev>Databázové systémy</nazev>
    <semestr>ZS</semestr>
    <maVyuku>A</maVyuku>
    <vyukaZS>A</vyukaZS>
    <vyukaLS>A</vyukaLS>
    <jazyk1>CZ</jazyk1>
    <nabizetPrijezdyEcts>N</nabizetPrijezdyEcts>
    <pocetStudentu>0</pocetStudentu>
    <bMax>10</bMax>
    <cMax>0</cMax>
    <aSkut>0</aSkut>
    <bSkut>0</bSkut>
    <cSkut>0</cSkut>
  </predmetKatedry>
  <predmetKatedry>
    <katedra>KMI</katedra>
    <zkratka>DATAB</zkratka>
    <rok>2020</rok>
    <nazev>Databáze</nazev>
    <semestr>ZS</semestr>
    <maVyuku>A</maVyuku>
    <vyukaZS>A</vyukaZS>
    <vyukaLS>N</vyukaLS>
    <jazyk1>CZ</jazyk1>
    <nabizetPrijezdyEcts>N</nabizetPrijezdyEcts>
    <pocetStudentu>0</pocetStudentu>
    <aSkut>0</aSkut>
    <bSkut>0</bSkut>
    <cSkut>0</cSkut>
  </predmetKatedry>
  <predmetKatedry>
    <katedra>KMI</katedra>
    <zkratka>DATA1</zkratka>
    <rok>2020</rok>
    <nazev>Databázové systémy 1</nazev>
    <semestr>ZS</semestr>
    <maVyuku>A</maVyuku>
    <vyukaZS>A</vyukaZS>
    <vyukaLS>N</vyukaLS>
    <jazyk1>CZ</jazyk1>
    <nabizetPrijezdyEcts>N</nabizetPrijezdyEcts>
    <pocetStudentu>40</pocetStudentu>
    <bMax>10</bMax>
    <cMax>0</cMax>
    <aSkut>40</aSkut>
    <bSkut>0</bSkut>
    <cSkut>0</cSkut>
  </predmetKatedry>
  <predmetKatedry>
    <katedra>KMI</katedra>
    <zkratka>DATE</zkratka>
    <rok>2020</rok>
    <nazev>Databázové technologie</nazev>
    <semestr>ZS</semestr>
    <maVyuku>A</maVyuku>
    <vyukaZS>A</vyukaZS>
    <vyukaLS>N</vyukaLS>
    <jazyk1>CZ</jazyk1>
    <nabizetPrijezdyEcts>N</nabizetPrijezdyEcts>
    <pocetStudentu>4</pocetStudentu>
    <aSkut>2</aSkut>
    <bSkut>2</bSkut>
    <cSkut>0</cSkut>
  </predmetKatedry>
  <predmetKatedry>
    <katedra>KMI</katedra>
    <zkratka>DBT</zkratka>
    <rok>2020</rok>
    <nazev>Relační databáze</nazev>
    <semestr>ZS</semestr>
    <maVyuku>A</maVyuku>
    <vyukaZS>A</vyukaZS>
    <vyukaLS>N</vyukaLS>
    <jazyk1>CZ</jazyk1>
    <nabizetPrijezdyEcts>N</nabizetPrijezdyEcts>
    <pocetStudentu>13</pocetStudentu>
    <aSkut>0</aSkut>
    <bSkut>11</bSkut>
    <cSkut>2</cSkut>
  </predmetKatedry>
</predmetyKatedry>