{
    "modified": "2021-03-14T07:41:26+01:00",
    "source": "https:\/\/onemocneni-aktualne.mzcr.cz\/",
    "data": [
        {
            "datum": "2020-01-27",
            "prirustkovy_pocet_nakazenych": 0,
            "kumulativni_pocet_nakazenych": 0
        },
        {
            "datum": "2020-01-28",
            "prirustkovy_pocet_nakazenych": 0,
            "kumulativni_pocet_nakazenych": 0
        },
        {
            "datum": "2020-01-29",
            "prirustkovy_pocet_nakazenych": 0,
            "kumulativni_pocet_nakazenych": 0
        },
        {
            "datum": "2020-01-30",
            "prirustkovy_pocet_nakazenych": 0,
            "kumulativni_pocet_nakazenych": 0
        },
        {
            "datum": "2020-01-31",
            "prirustkovy_pocet_nakazenych": 0,
            "kumulativni_pocet_nakazenych": 0
        },
        {
            "datum": "2020-02-01",
            "prirustkovy_pocet_nakazenych": 0,
            "kumulativni_pocet_nakazenych": 0
        },
        {
            "datum": "2020-02-02",
            "prirustkovy_pocet_nakazenych": 0,
            "kumulativni_pocet_nakazenych": 0
        },
        {
            "datum": "2020-02-03",
            "prirustkovy_pocet_nakazenych": 0,
            "kumulativni_pocet_nakazenych": 0
        },
        {
            "datum": "2020-02-04",
            "prirustkovy_pocet_nakazenych": 0,
            "kumulativni_pocet_nakazenych": 0
        },
        {
            "datum": "2020-02-05",
            "prirustkovy_pocet_nakazenych": 0,
            "kumulativni_pocet_nakazenych": 0
        },
        {
            "datum": "2020-02-06",
            "prirustkovy_pocet_nakazenych": 0,
            "kumulativni_pocet_nakazenych": 0
        },
        {
            "datum": "2020-02-07",
            "prirustkovy_pocet_nakazenych": 0,
            "kumulativni_pocet_nakazenych": 0
        },
        {
            "datum": "2020-02-08",
            "prirustkovy_pocet_nakazenych": 0,
            "kumulativni_pocet_nakazenych": 0
        },
        {
            "datum": "2020-02-09",
            "prirustkovy_pocet_nakazenych": 0,
            "kumulativni_pocet_nakazenych": 0
        },
        {
            "datum": "2020-02-10",
            "prirustkovy_pocet_nakazenych": 0,
            "kumulativni_pocet_nakazenych": 0
        },
        {
            "datum": "2020-02-11",
            "prirustkovy_pocet_nakazenych": 0,
            "kumulativni_pocet_nakazenych": 0
        },
        {
            "datum": "2020-02-12",
            "prirustkovy_pocet_nakazenych": 0,
            "kumulativni_pocet_nakazenych": 0
        },
        {
            "datum": "2020-02-13",
            "prirustkovy_pocet_nakazenych": 0,
            "kumulativni_pocet_nakazenych": 0
        },
        {
            "datum": "2020-02-14",
            "prirustkovy_pocet_nakazenych": 0,
            "kumulativni_pocet_nakazenych": 0
        },
        {
            "datum": "2020-02-15",
            "prirustkovy_pocet_nakazenych": 0,
            "kumulativni_pocet_nakazenych": 0
        },
        {
            "datum": "2020-02-16",
            "prirustkovy_pocet_nakazenych": 0,
            "kumulativni_pocet_nakazenych": 0
        },
        {
            "datum": "2020-02-17",
            "prirustkovy_pocet_nakazenych": 0,
            "kumulativni_pocet_nakazenych": 0
        },
        {
            "datum": "2020-02-18",
            "prirustkovy_pocet_nakazenych": 0,
            "kumulativni_pocet_nakazenych": 0
        },
        {
            "datum": "2020-02-19",
            "prirustkovy_pocet_nakazenych": 0,
            "kumulativni_pocet_nakazenych": 0
        },
        {
            "datum": "2020-02-20",
            "prirustkovy_pocet_nakazenych": 0,
            "kumulativni_pocet_nakazenych": 0
        },
        {
            "datum": "2020-02-21",
            "prirustkovy_pocet_nakazenych": 0,
            "kumulativni_pocet_nakazenych": 0
        },
        {
            "datum": "2020-02-22",
            "prirustkovy_pocet_nakazenych": 0,
            "kumulativni_pocet_nakazenych": 0
        },
        {
            "datum": "2020-02-23",
            "prirustkovy_pocet_nakazenych": 0,
            "kumulativni_pocet_nakazenych": 0
        },
        {
            "datum": "2020-02-24",
            "prirustkovy_pocet_nakazenych": 0,
            "kumulativni_pocet_nakazenych": 0
        },
        {
            "datum": "2020-02-25",
            "prirustkovy_pocet_nakazenych": 0,
            "kumulativni_pocet_nakazenych": 0
        },
        {
            "datum": "2020-02-26",
            "prirustkovy_pocet_nakazenych": 0,
            "kumulativni_pocet_nakazenych": 0
        },
        {
            "datum": "2020-02-27",
            "prirustkovy_pocet_nakazenych": 0,
            "kumulativni_pocet_nakazenych": 0
        },
        {
            "datum": "2020-02-28",
            "prirustkovy_pocet_nakazenych": 0,
            "kumulativni_pocet_nakazenych": 0
        },
        {
            "datum": "2020-02-29",
            "prirustkovy_pocet_nakazenych": 0,
            "kumulativni_pocet_nakazenych": 0
        },
        {
            "datum": "2020-03-01",
            "prirustkovy_pocet_nakazenych": 3,
            "kumulativni_pocet_nakazenych": 3
        },
        {
            "datum": "2020-03-02",
            "prirustkovy_pocet_nakazenych": 0,
            "kumulativni_pocet_nakazenych": 3
        },
        {
            "datum": "2020-03-03",
            "prirustkovy_pocet_nakazenych": 2,
            "kumulativni_pocet_nakazenych": 5
        },
        {
            "datum": "2020-03-04",
            "prirustkovy_pocet_nakazenych": 1,
            "kumulativni_pocet_nakazenych": 6
        },
        {
            "datum": "2020-03-05",
            "prirustkovy_pocet_nakazenych": 3,
            "kumulativni_pocet_nakazenych": 9
        },
        {
            "datum": "2020-03-06",
            "prirustkovy_pocet_nakazenych": 11,
            "kumulativni_pocet_nakazenych": 20
        },
        {
            "datum": "2020-03-07",
            "prirustkovy_pocet_nakazenych": 7,
            "kumulativni_pocet_nakazenych": 27
        },
        {
            "datum": "2020-03-08",
            "prirustkovy_pocet_nakazenych": 6,
            "kumulativni_pocet_nakazenych": 33
        },
        {
            "datum": "2020-03-09",
            "prirustkovy_pocet_nakazenych": 6,
            "kumulativni_pocet_nakazenych": 39
        },
        {
            "datum": "2020-03-10",
            "prirustkovy_pocet_nakazenych": 25,
            "kumulativni_pocet_nakazenych": 64
        },
        {
            "datum": "2020-03-11",
            "prirustkovy_pocet_nakazenych": 31,
            "kumulativni_pocet_nakazenych": 95
        },
        {
            "datum": "2020-03-12",
            "prirustkovy_pocet_nakazenych": 22,
            "kumulativni_pocet_nakazenych": 117
        },
        {
            "datum": "2020-03-13",
            "prirustkovy_pocet_nakazenych": 25,
            "kumulativni_pocet_nakazenych": 142
        },
        {
            "datum": "2020-03-14",
            "prirustkovy_pocet_nakazenych": 48,
            "kumulativni_pocet_nakazenych": 190
        },
        {
            "datum": "2020-03-15",
            "prirustkovy_pocet_nakazenych": 109,
            "kumulativni_pocet_nakazenych": 299
        },
        {
            "datum": "2020-03-16",
            "prirustkovy_pocet_nakazenych": 85,
            "kumulativni_pocet_nakazenych": 384
        },
        {
            "datum": "2020-03-17",
            "prirustkovy_pocet_nakazenych": 67,
            "kumulativni_pocet_nakazenych": 451
        },
        {
            "datum": "2020-03-18",
            "prirustkovy_pocet_nakazenych": 110,
            "kumulativni_pocet_nakazenych": 561
        },
        {
            "datum": "2020-03-19",
            "prirustkovy_pocet_nakazenych": 206,
            "kumulativni_pocet_nakazenych": 767
        },
        {
            "datum": "2020-03-20",
            "prirustkovy_pocet_nakazenych": 124,
            "kumulativni_pocet_nakazenych": 891
        },
        {
            "datum": "2020-03-21",
            "prirustkovy_pocet_nakazenych": 159,
            "kumulativni_pocet_nakazenych": 1050
        },
        {
            "datum": "2020-03-22",
            "prirustkovy_pocet_nakazenych": 115,
            "kumulativni_pocet_nakazenych": 1165
        },
        {
            "datum": "2020-03-23",
            "prirustkovy_pocet_nakazenych": 126,
            "kumulativni_pocet_nakazenych": 1291
        },
        {
            "datum": "2020-03-24",
            "prirustkovy_pocet_nakazenych": 185,
            "kumulativni_pocet_nakazenych": 1476
        },
        {
            "datum": "2020-03-25",
            "prirustkovy_pocet_nakazenych": 292,
            "kumulativni_pocet_nakazenych": 1768
        },
        {
            "datum": "2020-03-26",
            "prirustkovy_pocet_nakazenych": 259,
            "kumulativni_pocet_nakazenych": 2027
        },
        {
            "datum": "2020-03-27",
            "prirustkovy_pocet_nakazenych": 377,
            "kumulativni_pocet_nakazenych": 2404
        },
        {
            "datum": "2020-03-28",
            "prirustkovy_pocet_nakazenych": 263,
            "kumulativni_pocet_nakazenych": 2667
        },
        {
            "datum": "2020-03-29",
            "prirustkovy_pocet_nakazenych": 159,
            "kumulativni_pocet_nakazenych": 2826
        },
        {
            "datum": "2020-03-30",
            "prirustkovy_pocet_nakazenych": 184,
            "kumulativni_pocet_nakazenych": 3010
        },
        {
            "datum": "2020-03-31",
            "prirustkovy_pocet_nakazenych": 304,
            "kumulativni_pocet_nakazenych": 3314
        },
        {
            "datum": "2020-04-01",
            "prirustkovy_pocet_nakazenych": 283,
            "kumulativni_pocet_nakazenych": 3597
        },
        {
            "datum": "2020-04-02",
            "prirustkovy_pocet_nakazenych": 268,
            "kumulativni_pocet_nakazenych": 3865
        },
        {
            "datum": "2020-04-03",
            "prirustkovy_pocet_nakazenych": 333,
            "kumulativni_pocet_nakazenych": 4198
        },
        {
            "datum": "2020-04-04",
            "prirustkovy_pocet_nakazenych": 283,
            "kumulativni_pocet_nakazenych": 4481
        },
        {
            "datum": "2020-04-05",
            "prirustkovy_pocet_nakazenych": 117,
            "kumulativni_pocet_nakazenych": 4598
        },
        {
            "datum": "2020-04-06",
            "prirustkovy_pocet_nakazenych": 236,
            "kumulativni_pocet_nakazenych": 4834
        },
        {
            "datum": "2020-04-07",
            "prirustkovy_pocet_nakazenych": 196,
            "kumulativni_pocet_nakazenych": 5030
        },
        {
            "datum": "2020-04-08",
            "prirustkovy_pocet_nakazenych": 294,
            "kumulativni_pocet_nakazenych": 5324
        },
        {
            "datum": "2020-04-09",
            "prirustkovy_pocet_nakazenych": 257,
            "kumulativni_pocet_nakazenych": 5581
        },
        {
            "datum": "2020-04-10",
            "prirustkovy_pocet_nakazenych": 163,
            "kumulativni_pocet_nakazenych": 5744
        },
        {
            "datum": "2020-04-11",
            "prirustkovy_pocet_nakazenych": 170,
            "kumulativni_pocet_nakazenych": 5914
        },
        {
            "datum": "2020-04-12",
            "prirustkovy_pocet_nakazenych": 89,
            "kumulativni_pocet_nakazenych": 6003
        },
        {
            "datum": "2020-04-13",
            "prirustkovy_pocet_nakazenych": 68,
            "kumulativni_pocet_nakazenych": 6071
        },
        {
            "datum": "2020-04-14",
            "prirustkovy_pocet_nakazenych": 82,
            "kumulativni_pocet_nakazenych": 6153
        },
        {
            "datum": "2020-04-15",
            "prirustkovy_pocet_nakazenych": 160,
            "kumulativni_pocet_nakazenych": 6313
        },
        {
            "datum": "2020-04-16",
            "prirustkovy_pocet_nakazenych": 132,
            "kumulativni_pocet_nakazenych": 6445
        },
        {
            "datum": "2020-04-17",
            "prirustkovy_pocet_nakazenych": 116,
            "kumulativni_pocet_nakazenych": 6561
        },
        {
            "datum": "2020-04-18",
            "prirustkovy_pocet_nakazenych": 105,
            "kumulativni_pocet_nakazenych": 6666
        },
        {
            "datum": "2020-04-19",
            "prirustkovy_pocet_nakazenych": 92,
            "kumulativni_pocet_nakazenych": 6758
        },
        {
            "datum": "2020-04-20",
            "prirustkovy_pocet_nakazenych": 154,
            "kumulativni_pocet_nakazenych": 6912
        },
        {
            "datum": "2020-04-21",
            "prirustkovy_pocet_nakazenych": 133,
            "kumulativni_pocet_nakazenych": 7045
        },
        {
            "datum": "2020-04-22",
            "prirustkovy_pocet_nakazenych": 99,
            "kumulativni_pocet_nakazenych": 7144
        },
        {
            "datum": "2020-04-23",
            "prirustkovy_pocet_nakazenych": 55,
            "kumulativni_pocet_nakazenych": 7199
        },
        {
            "datum": "2020-04-24",
            "prirustkovy_pocet_nakazenych": 86,
            "kumulativni_pocet_nakazenych": 7285
        },
        {
            "datum": "2020-04-25",
            "prirustkovy_pocet_nakazenych": 79,
            "kumulativni_pocet_nakazenych": 7364
        },
        {
            "datum": "2020-04-26",
            "prirustkovy_pocet_nakazenych": 52,
            "kumulativni_pocet_nakazenych": 7416
        },
        {
            "datum": "2020-04-27",
            "prirustkovy_pocet_nakazenych": 41,
            "kumulativni_pocet_nakazenych": 7457
        },
        {
            "datum": "2020-04-28",
            "prirustkovy_pocet_nakazenych": 60,
            "kumulativni_pocet_nakazenych": 7517
        },
        {
            "datum": "2020-04-29",
            "prirustkovy_pocet_nakazenych": 75,
            "kumulativni_pocet_nakazenych": 7592
        },
        {
            "datum": "2020-04-30",
            "prirustkovy_pocet_nakazenych": 104,
            "kumulativni_pocet_nakazenych": 7696
        },
        {
            "datum": "2020-05-01",
            "prirustkovy_pocet_nakazenych": 55,
            "kumulativni_pocet_nakazenych": 7751
        },
        {
            "datum": "2020-05-02",
            "prirustkovy_pocet_nakazenych": 18,
            "kumulativni_pocet_nakazenych": 7769
        },
        {
            "datum": "2020-05-03",
            "prirustkovy_pocet_nakazenych": 26,
            "kumulativni_pocet_nakazenych": 7795
        },
        {
            "datum": "2020-05-04",
            "prirustkovy_pocet_nakazenych": 38,
            "kumulativni_pocet_nakazenych": 7833
        },
        {
            "datum": "2020-05-05",
            "prirustkovy_pocet_nakazenych": 77,
            "kumulativni_pocet_nakazenych": 7910
        },
        {
            "datum": "2020-05-06",
            "prirustkovy_pocet_nakazenych": 79,
            "kumulativni_pocet_nakazenych": 7989
        },
        {
            "datum": "2020-05-07",
            "prirustkovy_pocet_nakazenych": 58,
            "kumulativni_pocet_nakazenych": 8047
        },
        {
            "datum": "2020-05-08",
            "prirustkovy_pocet_nakazenych": 46,
            "kumulativni_pocet_nakazenych": 8093
        },
        {
            "datum": "2020-05-09",
            "prirustkovy_pocet_nakazenych": 18,
            "kumulativni_pocet_nakazenych": 8111
        },
        {
            "datum": "2020-05-10",
            "prirustkovy_pocet_nakazenych": 28,
            "kumulativni_pocet_nakazenych": 8139
        },
        {
            "datum": "2020-05-11",
            "prirustkovy_pocet_nakazenych": 56,
            "kumulativni_pocet_nakazenych": 8195
        },
        {
            "datum": "2020-05-12",
            "prirustkovy_pocet_nakazenych": 45,
            "kumulativni_pocet_nakazenych": 8240
        },
        {
            "datum": "2020-05-13",
            "prirustkovy_pocet_nakazenych": 50,
            "kumulativni_pocet_nakazenych": 8290
        },
        {
            "datum": "2020-05-14",
            "prirustkovy_pocet_nakazenych": 82,
            "kumulativni_pocet_nakazenych": 8372
        },
        {
            "datum": "2020-05-15",
            "prirustkovy_pocet_nakazenych": 55,
            "kumulativni_pocet_nakazenych": 8427
        },
        {
            "datum": "2020-05-16",
            "prirustkovy_pocet_nakazenych": 51,
            "kumulativni_pocet_nakazenych": 8478
        },
        {
            "datum": "2020-05-17",
            "prirustkovy_pocet_nakazenych": 20,
            "kumulativni_pocet_nakazenych": 8498
        },
        {
            "datum": "2020-05-18",
            "prirustkovy_pocet_nakazenych": 113,
            "kumulativni_pocet_nakazenych": 8611
        },
        {
            "datum": "2020-05-19",
            "prirustkovy_pocet_nakazenych": 62,
            "kumulativni_pocet_nakazenych": 8673
        },
        {
            "datum": "2020-05-20",
            "prirustkovy_pocet_nakazenych": 74,
            "kumulativni_pocet_nakazenych": 8747
        },
        {
            "datum": "2020-05-21",
            "prirustkovy_pocet_nakazenych": 35,
            "kumulativni_pocet_nakazenych": 8782
        },
        {
            "datum": "2020-05-22",
            "prirustkovy_pocet_nakazenych": 59,
            "kumulativni_pocet_nakazenych": 8841
        },
        {
            "datum": "2020-05-23",
            "prirustkovy_pocet_nakazenych": 77,
            "kumulativni_pocet_nakazenych": 8918
        },
        {
            "datum": "2020-05-24",
            "prirustkovy_pocet_nakazenych": 65,
            "kumulativni_pocet_nakazenych": 8983
        },
        {
            "datum": "2020-05-25",
            "prirustkovy_pocet_nakazenych": 47,
            "kumulativni_pocet_nakazenych": 9030
        },
        {
            "datum": "2020-05-26",
            "prirustkovy_pocet_nakazenych": 51,
            "kumulativni_pocet_nakazenych": 9081
        },
        {
            "datum": "2020-05-27",
            "prirustkovy_pocet_nakazenych": 37,
            "kumulativni_pocet_nakazenych": 9118
        },
        {
            "datum": "2020-05-28",
            "prirustkovy_pocet_nakazenych": 54,
            "kumulativni_pocet_nakazenych": 9172
        },
        {
            "datum": "2020-05-29",
            "prirustkovy_pocet_nakazenych": 57,
            "kumulativni_pocet_nakazenych": 9229
        },
        {
            "datum": "2020-05-30",
            "prirustkovy_pocet_nakazenych": 34,
            "kumulativni_pocet_nakazenych": 9263
        },
        {
            "datum": "2020-05-31",
            "prirustkovy_pocet_nakazenych": 38,
            "kumulativni_pocet_nakazenych": 9301
        },
        {
            "datum": "2020-06-01",
            "prirustkovy_pocet_nakazenych": 34,
            "kumulativni_pocet_nakazenych": 9335
        },
        {
            "datum": "2020-06-02",
            "prirustkovy_pocet_nakazenych": 63,
            "kumulativni_pocet_nakazenych": 9398
        },
        {
            "datum": "2020-06-03",
            "prirustkovy_pocet_nakazenych": 74,
            "kumulativni_pocet_nakazenych": 9472
        },
        {
            "datum": "2020-06-04",
            "prirustkovy_pocet_nakazenych": 61,
            "kumulativni_pocet_nakazenych": 9533
        },
        {
            "datum": "2020-06-05",
            "prirustkovy_pocet_nakazenych": 35,
            "kumulativni_pocet_nakazenych": 9568
        },
        {
            "datum": "2020-06-06",
            "prirustkovy_pocet_nakazenych": 38,
            "kumulativni_pocet_nakazenych": 9606
        },
        {
            "datum": "2020-06-07",
            "prirustkovy_pocet_nakazenych": 61,
            "kumulativni_pocet_nakazenych": 9667
        },
        {
            "datum": "2020-06-08",
            "prirustkovy_pocet_nakazenych": 69,
            "kumulativni_pocet_nakazenych": 9736
        },
        {
            "datum": "2020-06-09",
            "prirustkovy_pocet_nakazenych": 55,
            "kumulativni_pocet_nakazenych": 9791
        },
        {
            "datum": "2020-06-10",
            "prirustkovy_pocet_nakazenych": 73,
            "kumulativni_pocet_nakazenych": 9864
        },
        {
            "datum": "2020-06-11",
            "prirustkovy_pocet_nakazenych": 64,
            "kumulativni_pocet_nakazenych": 9928
        },
        {
            "datum": "2020-06-12",
            "prirustkovy_pocet_nakazenych": 52,
            "kumulativni_pocet_nakazenych": 9980
        },
        {
            "datum": "2020-06-13",
            "prirustkovy_pocet_nakazenych": 53,
            "kumulativni_pocet_nakazenych": 10033
        },
        {
            "datum": "2020-06-14",
            "prirustkovy_pocet_nakazenych": 33,
            "kumulativni_pocet_nakazenych": 10066
        },
        {
            "datum": "2020-06-15",
            "prirustkovy_pocet_nakazenych": 40,
            "kumulativni_pocet_nakazenych": 10106
        },
        {
            "datum": "2020-06-16",
            "prirustkovy_pocet_nakazenych": 47,
            "kumulativni_pocet_nakazenych": 10153
        },
        {
            "datum": "2020-06-17",
            "prirustkovy_pocet_nakazenych": 51,
            "kumulativni_pocet_nakazenych": 10204
        },
        {
            "datum": "2020-06-18",
            "prirustkovy_pocet_nakazenych": 118,
            "kumulativni_pocet_nakazenych": 10322
        },
        {
            "datum": "2020-06-19",
            "prirustkovy_pocet_nakazenych": 126,
            "kumulativni_pocet_nakazenych": 10448
        },
        {
            "datum": "2020-06-20",
            "prirustkovy_pocet_nakazenych": 42,
            "kumulativni_pocet_nakazenych": 10490
        },
        {
            "datum": "2020-06-21",
            "prirustkovy_pocet_nakazenych": 50,
            "kumulativni_pocet_nakazenych": 10540
        },
        {
            "datum": "2020-06-22",
            "prirustkovy_pocet_nakazenych": 64,
            "kumulativni_pocet_nakazenych": 10604
        },
        {
            "datum": "2020-06-23",
            "prirustkovy_pocet_nakazenych": 89,
            "kumulativni_pocet_nakazenych": 10693
        },
        {
            "datum": "2020-06-24",
            "prirustkovy_pocet_nakazenych": 127,
            "kumulativni_pocet_nakazenych": 10820
        },
        {
            "datum": "2020-06-25",
            "prirustkovy_pocet_nakazenych": 93,
            "kumulativni_pocet_nakazenych": 10913
        },
        {
            "datum": "2020-06-26",
            "prirustkovy_pocet_nakazenych": 168,
            "kumulativni_pocet_nakazenych": 11081
        },
        {
            "datum": "2020-06-27",
            "prirustkovy_pocet_nakazenych": 260,
            "kumulativni_pocet_nakazenych": 11341
        },
        {
            "datum": "2020-06-28",
            "prirustkovy_pocet_nakazenych": 305,
            "kumulativni_pocet_nakazenych": 11646
        },
        {
            "datum": "2020-06-29",
            "prirustkovy_pocet_nakazenych": 201,
            "kumulativni_pocet_nakazenych": 11847
        },
        {
            "datum": "2020-06-30",
            "prirustkovy_pocet_nakazenych": 149,
            "kumulativni_pocet_nakazenych": 11996
        },
        {
            "datum": "2020-07-01",
            "prirustkovy_pocet_nakazenych": 91,
            "kumulativni_pocet_nakazenych": 12087
        },
        {
            "datum": "2020-07-02",
            "prirustkovy_pocet_nakazenych": 132,
            "kumulativni_pocet_nakazenych": 12219
        },
        {
            "datum": "2020-07-03",
            "prirustkovy_pocet_nakazenych": 140,
            "kumulativni_pocet_nakazenych": 12359
        },
        {
            "datum": "2020-07-04",
            "prirustkovy_pocet_nakazenych": 121,
            "kumulativni_pocet_nakazenych": 12480
        },
        {
            "datum": "2020-07-05",
            "prirustkovy_pocet_nakazenych": 75,
            "kumulativni_pocet_nakazenych": 12555
        },
        {
            "datum": "2020-07-06",
            "prirustkovy_pocet_nakazenych": 51,
            "kumulativni_pocet_nakazenych": 12606
        },
        {
            "datum": "2020-07-07",
            "prirustkovy_pocet_nakazenych": 118,
            "kumulativni_pocet_nakazenych": 12724
        },
        {
            "datum": "2020-07-08",
            "prirustkovy_pocet_nakazenych": 129,
            "kumulativni_pocet_nakazenych": 12853
        },
        {
            "datum": "2020-07-09",
            "prirustkovy_pocet_nakazenych": 105,
            "kumulativni_pocet_nakazenych": 12958
        },
        {
            "datum": "2020-07-10",
            "prirustkovy_pocet_nakazenych": 141,
            "kumulativni_pocet_nakazenych": 13099
        },
        {
            "datum": "2020-07-11",
            "prirustkovy_pocet_nakazenych": 53,
            "kumulativni_pocet_nakazenych": 13152
        },
        {
            "datum": "2020-07-12",
            "prirustkovy_pocet_nakazenych": 59,
            "kumulativni_pocet_nakazenych": 13211
        },
        {
            "datum": "2020-07-13",
            "prirustkovy_pocet_nakazenych": 64,
            "kumulativni_pocet_nakazenych": 13275
        },
        {
            "datum": "2020-07-14",
            "prirustkovy_pocet_nakazenych": 104,
            "kumulativni_pocet_nakazenych": 13379
        },
        {
            "datum": "2020-07-15",
            "prirustkovy_pocet_nakazenych": 134,
            "kumulativni_pocet_nakazenych": 13513
        },
        {
            "datum": "2020-07-16",
            "prirustkovy_pocet_nakazenych": 137,
            "kumulativni_pocet_nakazenych": 13650
        },
        {
            "datum": "2020-07-17",
            "prirustkovy_pocet_nakazenych": 128,
            "kumulativni_pocet_nakazenych": 13778
        },
        {
            "datum": "2020-07-18",
            "prirustkovy_pocet_nakazenych": 112,
            "kumulativni_pocet_nakazenych": 13890
        },
        {
            "datum": "2020-07-19",
            "prirustkovy_pocet_nakazenych": 91,
            "kumulativni_pocet_nakazenych": 13981
        },
        {
            "datum": "2020-07-20",
            "prirustkovy_pocet_nakazenych": 168,
            "kumulativni_pocet_nakazenych": 14149
        },
        {
            "datum": "2020-07-21",
            "prirustkovy_pocet_nakazenych": 207,
            "kumulativni_pocet_nakazenych": 14356
        },
        {
            "datum": "2020-07-22",
            "prirustkovy_pocet_nakazenych": 245,
            "kumulativni_pocet_nakazenych": 14601
        },
        {
            "datum": "2020-07-23",
            "prirustkovy_pocet_nakazenych": 231,
            "kumulativni_pocet_nakazenych": 14832
        },
        {
            "datum": "2020-07-24",
            "prirustkovy_pocet_nakazenych": 278,
            "kumulativni_pocet_nakazenych": 15110
        },
        {
            "datum": "2020-07-25",
            "prirustkovy_pocet_nakazenych": 132,
            "kumulativni_pocet_nakazenych": 15242
        },
        {
            "datum": "2020-07-26",
            "prirustkovy_pocet_nakazenych": 114,
            "kumulativni_pocet_nakazenych": 15356
        },
        {
            "datum": "2020-07-27",
            "prirustkovy_pocet_nakazenych": 194,
            "kumulativni_pocet_nakazenych": 15550
        },
        {
            "datum": "2020-07-28",
            "prirustkovy_pocet_nakazenych": 276,
            "kumulativni_pocet_nakazenych": 15826
        },
        {
            "datum": "2020-07-29",
            "prirustkovy_pocet_nakazenych": 274,
            "kumulativni_pocet_nakazenych": 16100
        },
        {
            "datum": "2020-07-30",
            "prirustkovy_pocet_nakazenych": 254,
            "kumulativni_pocet_nakazenych": 16354
        },
        {
            "datum": "2020-07-31",
            "prirustkovy_pocet_nakazenych": 231,
            "kumulativni_pocet_nakazenych": 16585
        },
        {
            "datum": "2020-08-01",
            "prirustkovy_pocet_nakazenych": 124,
            "kumulativni_pocet_nakazenych": 16709
        },
        {
            "datum": "2020-08-02",
            "prirustkovy_pocet_nakazenych": 101,
            "kumulativni_pocet_nakazenych": 16810
        },
        {
            "datum": "2020-08-03",
            "prirustkovy_pocet_nakazenych": 208,
            "kumulativni_pocet_nakazenych": 17018
        },
        {
            "datum": "2020-08-04",
            "prirustkovy_pocet_nakazenych": 287,
            "kumulativni_pocet_nakazenych": 17305
        },
        {
            "datum": "2020-08-05",
            "prirustkovy_pocet_nakazenych": 241,
            "kumulativni_pocet_nakazenych": 17546
        },
        {
            "datum": "2020-08-06",
            "prirustkovy_pocet_nakazenych": 214,
            "kumulativni_pocet_nakazenych": 17760
        },
        {
            "datum": "2020-08-07",
            "prirustkovy_pocet_nakazenych": 322,
            "kumulativni_pocet_nakazenych": 18082
        },
        {
            "datum": "2020-08-08",
            "prirustkovy_pocet_nakazenych": 173,
            "kumulativni_pocet_nakazenych": 18255
        },
        {
            "datum": "2020-08-09",
            "prirustkovy_pocet_nakazenych": 122,
            "kumulativni_pocet_nakazenych": 18377
        },
        {
            "datum": "2020-08-10",
            "prirustkovy_pocet_nakazenych": 141,
            "kumulativni_pocet_nakazenych": 18518
        },
        {
            "datum": "2020-08-11",
            "prirustkovy_pocet_nakazenych": 288,
            "kumulativni_pocet_nakazenych": 18806
        },
        {
            "datum": "2020-08-12",
            "prirustkovy_pocet_nakazenych": 289,
            "kumulativni_pocet_nakazenych": 19095
        },
        {
            "datum": "2020-08-13",
            "prirustkovy_pocet_nakazenych": 330,
            "kumulativni_pocet_nakazenych": 19425
        },
        {
            "datum": "2020-08-14",
            "prirustkovy_pocet_nakazenych": 291,
            "kumulativni_pocet_nakazenych": 19716
        },
        {
            "datum": "2020-08-15",
            "prirustkovy_pocet_nakazenych": 197,
            "kumulativni_pocet_nakazenych": 19913
        },
        {
            "datum": "2020-08-16",
            "prirustkovy_pocet_nakazenych": 121,
            "kumulativni_pocet_nakazenych": 20034
        },
        {
            "datum": "2020-08-17",
            "prirustkovy_pocet_nakazenych": 191,
            "kumulativni_pocet_nakazenych": 20225
        },
        {
            "datum": "2020-08-18",
            "prirustkovy_pocet_nakazenych": 281,
            "kumulativni_pocet_nakazenych": 20506
        },
        {
            "datum": "2020-08-19",
            "prirustkovy_pocet_nakazenych": 312,
            "kumulativni_pocet_nakazenych": 20818
        },
        {
            "datum": "2020-08-20",
            "prirustkovy_pocet_nakazenych": 246,
            "kumulativni_pocet_nakazenych": 21064
        },
        {
            "datum": "2020-08-21",
            "prirustkovy_pocet_nakazenych": 504,
            "kumulativni_pocet_nakazenych": 21568
        },
        {
            "datum": "2020-08-22",
            "prirustkovy_pocet_nakazenych": 234,
            "kumulativni_pocet_nakazenych": 21802
        },
        {
            "datum": "2020-08-23",
            "prirustkovy_pocet_nakazenych": 136,
            "kumulativni_pocet_nakazenych": 21938
        },
        {
            "datum": "2020-08-24",
            "prirustkovy_pocet_nakazenych": 259,
            "kumulativni_pocet_nakazenych": 22197
        },
        {
            "datum": "2020-08-25",
            "prirustkovy_pocet_nakazenych": 364,
            "kumulativni_pocet_nakazenych": 22561
        },
        {
            "datum": "2020-08-26",
            "prirustkovy_pocet_nakazenych": 396,
            "kumulativni_pocet_nakazenych": 22957
        },
        {
            "datum": "2020-08-27",
            "prirustkovy_pocet_nakazenych": 350,
            "kumulativni_pocet_nakazenych": 23307
        },
        {
            "datum": "2020-08-28",
            "prirustkovy_pocet_nakazenych": 485,
            "kumulativni_pocet_nakazenych": 23792
        },
        {
            "datum": "2020-08-29",
            "prirustkovy_pocet_nakazenych": 320,
            "kumulativni_pocet_nakazenych": 24112
        },
        {
            "datum": "2020-08-30",
            "prirustkovy_pocet_nakazenych": 274,
            "kumulativni_pocet_nakazenych": 24386
        },
        {
            "datum": "2020-08-31",
            "prirustkovy_pocet_nakazenych": 256,
            "kumulativni_pocet_nakazenych": 24642
        },
        {
            "datum": "2020-09-01",
            "prirustkovy_pocet_nakazenych": 499,
            "kumulativni_pocet_nakazenych": 25141
        },
        {
            "datum": "2020-09-02",
            "prirustkovy_pocet_nakazenych": 645,
            "kumulativni_pocet_nakazenych": 25786
        },
        {
            "datum": "2020-09-03",
            "prirustkovy_pocet_nakazenych": 675,
            "kumulativni_pocet_nakazenych": 26461
        },
        {
            "datum": "2020-09-04",
            "prirustkovy_pocet_nakazenych": 797,
            "kumulativni_pocet_nakazenych": 27258
        },
        {
            "datum": "2020-09-05",
            "prirustkovy_pocet_nakazenych": 504,
            "kumulativni_pocet_nakazenych": 27762
        },
        {
            "datum": "2020-09-06",
            "prirustkovy_pocet_nakazenych": 410,
            "kumulativni_pocet_nakazenych": 28172
        },
        {
            "datum": "2020-09-07",
            "prirustkovy_pocet_nakazenych": 561,
            "kumulativni_pocet_nakazenych": 28733
        },
        {
            "datum": "2020-09-08",
            "prirustkovy_pocet_nakazenych": 1161,
            "kumulativni_pocet_nakazenych": 29894
        },
        {
            "datum": "2020-09-09",
            "prirustkovy_pocet_nakazenych": 1158,
            "kumulativni_pocet_nakazenych": 31052
        },
        {
            "datum": "2020-09-10",
            "prirustkovy_pocet_nakazenych": 1382,
            "kumulativni_pocet_nakazenych": 32434
        },
        {
            "datum": "2020-09-11",
            "prirustkovy_pocet_nakazenych": 1443,
            "kumulativni_pocet_nakazenych": 33877
        },
        {
            "datum": "2020-09-12",
            "prirustkovy_pocet_nakazenych": 1537,
            "kumulativni_pocet_nakazenych": 35414
        },
        {
            "datum": "2020-09-13",
            "prirustkovy_pocet_nakazenych": 791,
            "kumulativni_pocet_nakazenych": 36205
        },
        {
            "datum": "2020-09-14",
            "prirustkovy_pocet_nakazenych": 1028,
            "kumulativni_pocet_nakazenych": 37233
        },
        {
            "datum": "2020-09-15",
            "prirustkovy_pocet_nakazenych": 1676,
            "kumulativni_pocet_nakazenych": 38909
        },
        {
            "datum": "2020-09-16",
            "prirustkovy_pocet_nakazenych": 2133,
            "kumulativni_pocet_nakazenych": 41042
        },
        {
            "datum": "2020-09-17",
            "prirustkovy_pocet_nakazenych": 3124,
            "kumulativni_pocet_nakazenych": 44166
        },
        {
            "datum": "2020-09-18",
            "prirustkovy_pocet_nakazenych": 2108,
            "kumulativni_pocet_nakazenych": 46274
        },
        {
            "datum": "2020-09-19",
            "prirustkovy_pocet_nakazenych": 2045,
            "kumulativni_pocet_nakazenych": 48319
        },
        {
            "datum": "2020-09-20",
            "prirustkovy_pocet_nakazenych": 984,
            "kumulativni_pocet_nakazenych": 49303
        },
        {
            "datum": "2020-09-21",
            "prirustkovy_pocet_nakazenych": 1476,
            "kumulativni_pocet_nakazenych": 50779
        },
        {
            "datum": "2020-09-22",
            "prirustkovy_pocet_nakazenych": 2387,
            "kumulativni_pocet_nakazenych": 53166
        },
        {
            "datum": "2020-09-23",
            "prirustkovy_pocet_nakazenych": 2306,
            "kumulativni_pocet_nakazenych": 55472
        },
        {
            "datum": "2020-09-24",
            "prirustkovy_pocet_nakazenych": 2906,
            "kumulativni_pocet_nakazenych": 58378
        },
        {
            "datum": "2020-09-25",
            "prirustkovy_pocet_nakazenych": 2946,
            "kumulativni_pocet_nakazenych": 61324
        },
        {
            "datum": "2020-09-26",
            "prirustkovy_pocet_nakazenych": 1981,
            "kumulativni_pocet_nakazenych": 63305
        },
        {
            "datum": "2020-09-27",
            "prirustkovy_pocet_nakazenych": 1304,
            "kumulativni_pocet_nakazenych": 64609
        },
        {
            "datum": "2020-09-28",
            "prirustkovy_pocet_nakazenych": 1284,
            "kumulativni_pocet_nakazenych": 65893
        },
        {
            "datum": "2020-09-29",
            "prirustkovy_pocet_nakazenych": 1963,
            "kumulativni_pocet_nakazenych": 67856
        },
        {
            "datum": "2020-09-30",
            "prirustkovy_pocet_nakazenych": 2926,
            "kumulativni_pocet_nakazenych": 70782
        },
        {
            "datum": "2020-10-01",
            "prirustkovy_pocet_nakazenych": 3502,
            "kumulativni_pocet_nakazenych": 74284
        },
        {
            "datum": "2020-10-02",
            "prirustkovy_pocet_nakazenych": 3795,
            "kumulativni_pocet_nakazenych": 78079
        },
        {
            "datum": "2020-10-03",
            "prirustkovy_pocet_nakazenych": 2554,
            "kumulativni_pocet_nakazenych": 80633
        },
        {
            "datum": "2020-10-04",
            "prirustkovy_pocet_nakazenych": 1841,
            "kumulativni_pocet_nakazenych": 82474
        },
        {
            "datum": "2020-10-05",
            "prirustkovy_pocet_nakazenych": 3118,
            "kumulativni_pocet_nakazenych": 85592
        },
        {
            "datum": "2020-10-06",
            "prirustkovy_pocet_nakazenych": 4458,
            "kumulativni_pocet_nakazenych": 90050
        },
        {
            "datum": "2020-10-07",
            "prirustkovy_pocet_nakazenych": 5336,
            "kumulativni_pocet_nakazenych": 95386
        },
        {
            "datum": "2020-10-08",
            "prirustkovy_pocet_nakazenych": 5394,
            "kumulativni_pocet_nakazenych": 100780
        },
        {
            "datum": "2020-10-09",
            "prirustkovy_pocet_nakazenych": 8618,
            "kumulativni_pocet_nakazenych": 109398
        },
        {
            "datum": "2020-10-10",
            "prirustkovy_pocet_nakazenych": 4636,
            "kumulativni_pocet_nakazenych": 114034
        },
        {
            "datum": "2020-10-11",
            "prirustkovy_pocet_nakazenych": 3104,
            "kumulativni_pocet_nakazenych": 117138
        },
        {
            "datum": "2020-10-12",
            "prirustkovy_pocet_nakazenych": 4308,
            "kumulativni_pocet_nakazenych": 121446
        },
        {
            "datum": "2020-10-13",
            "prirustkovy_pocet_nakazenych": 8324,
            "kumulativni_pocet_nakazenych": 129770
        },
        {
            "datum": "2020-10-14",
            "prirustkovy_pocet_nakazenych": 9545,
            "kumulativni_pocet_nakazenych": 139315
        },
        {
            "datum": "2020-10-15",
            "prirustkovy_pocet_nakazenych": 9724,
            "kumulativni_pocet_nakazenych": 149039
        },
        {
            "datum": "2020-10-16",
            "prirustkovy_pocet_nakazenych": 11104,
            "kumulativni_pocet_nakazenych": 160143
        },
        {
            "datum": "2020-10-17",
            "prirustkovy_pocet_nakazenych": 8713,
            "kumulativni_pocet_nakazenych": 168856
        },
        {
            "datum": "2020-10-18",
            "prirustkovy_pocet_nakazenych": 5059,
            "kumulativni_pocet_nakazenych": 173915
        },
        {
            "datum": "2020-10-19",
            "prirustkovy_pocet_nakazenych": 8077,
            "kumulativni_pocet_nakazenych": 181992
        },
        {
            "datum": "2020-10-20",
            "prirustkovy_pocet_nakazenych": 11985,
            "kumulativni_pocet_nakazenych": 193977
        },
        {
            "datum": "2020-10-21",
            "prirustkovy_pocet_nakazenych": 14971,
            "kumulativni_pocet_nakazenych": 208948
        },
        {
            "datum": "2020-10-22",
            "prirustkovy_pocet_nakazenych": 14155,
            "kumulativni_pocet_nakazenych": 223103
        },
        {
            "datum": "2020-10-23",
            "prirustkovy_pocet_nakazenych": 15248,
            "kumulativni_pocet_nakazenych": 238351
        },
        {
            "datum": "2020-10-24",
            "prirustkovy_pocet_nakazenych": 12473,
            "kumulativni_pocet_nakazenych": 250824
        },
        {
            "datum": "2020-10-25",
            "prirustkovy_pocet_nakazenych": 7300,
            "kumulativni_pocet_nakazenych": 258124
        },
        {
            "datum": "2020-10-26",
            "prirustkovy_pocet_nakazenych": 10272,
            "kumulativni_pocet_nakazenych": 268396
        },
        {
            "datum": "2020-10-27",
            "prirustkovy_pocet_nakazenych": 15666,
            "kumulativni_pocet_nakazenych": 284062
        },
        {
            "datum": "2020-10-28",
            "prirustkovy_pocet_nakazenych": 12977,
            "kumulativni_pocet_nakazenych": 297039
        },
        {
            "datum": "2020-10-29",
            "prirustkovy_pocet_nakazenych": 13051,
            "kumulativni_pocet_nakazenych": 310090
        },
        {
            "datum": "2020-10-30",
            "prirustkovy_pocet_nakazenych": 13603,
            "kumulativni_pocet_nakazenych": 323693
        },
        {
            "datum": "2020-10-31",
            "prirustkovy_pocet_nakazenych": 11427,
            "kumulativni_pocet_nakazenych": 335120
        },
        {
            "datum": "2020-11-01",
            "prirustkovy_pocet_nakazenych": 6551,
            "kumulativni_pocet_nakazenych": 341671
        },
        {
            "datum": "2020-11-02",
            "prirustkovy_pocet_nakazenych": 9239,
            "kumulativni_pocet_nakazenych": 350910
        },
        {
            "datum": "2020-11-03",
            "prirustkovy_pocet_nakazenych": 12090,
            "kumulativni_pocet_nakazenych": 363000
        },
        {
            "datum": "2020-11-04",
            "prirustkovy_pocet_nakazenych": 15725,
            "kumulativni_pocet_nakazenych": 378725
        },
        {
            "datum": "2020-11-05",
            "prirustkovy_pocet_nakazenych": 13234,
            "kumulativni_pocet_nakazenych": 391959
        },
        {
            "datum": "2020-11-06",
            "prirustkovy_pocet_nakazenych": 11546,
            "kumulativni_pocet_nakazenych": 403505
        },
        {
            "datum": "2020-11-07",
            "prirustkovy_pocet_nakazenych": 7721,
            "kumulativni_pocet_nakazenych": 411226
        },
        {
            "datum": "2020-11-08",
            "prirustkovy_pocet_nakazenych": 3609,
            "kumulativni_pocet_nakazenych": 414835
        },
        {
            "datum": "2020-11-09",
            "prirustkovy_pocet_nakazenych": 6048,
            "kumulativni_pocet_nakazenych": 420883
        },
        {
            "datum": "2020-11-10",
            "prirustkovy_pocet_nakazenych": 9056,
            "kumulativni_pocet_nakazenych": 429939
        },
        {
            "datum": "2020-11-11",
            "prirustkovy_pocet_nakazenych": 8921,
            "kumulativni_pocet_nakazenych": 438860
        },
        {
            "datum": "2020-11-12",
            "prirustkovy_pocet_nakazenych": 7874,
            "kumulativni_pocet_nakazenych": 446734
        },
        {
            "datum": "2020-11-13",
            "prirustkovy_pocet_nakazenych": 7358,
            "kumulativni_pocet_nakazenych": 454092
        },
        {
            "datum": "2020-11-14",
            "prirustkovy_pocet_nakazenych": 4196,
            "kumulativni_pocet_nakazenych": 458288
        },
        {
            "datum": "2020-11-15",
            "prirustkovy_pocet_nakazenych": 1891,
            "kumulativni_pocet_nakazenych": 460179
        },
        {
            "datum": "2020-11-16",
            "prirustkovy_pocet_nakazenych": 5414,
            "kumulativni_pocet_nakazenych": 465593
        },
        {
            "datum": "2020-11-17",
            "prirustkovy_pocet_nakazenych": 4246,
            "kumulativni_pocet_nakazenych": 469839
        },
        {
            "datum": "2020-11-18",
            "prirustkovy_pocet_nakazenych": 5514,
            "kumulativni_pocet_nakazenych": 475353
        },
        {
            "datum": "2020-11-19",
            "prirustkovy_pocet_nakazenych": 6470,
            "kumulativni_pocet_nakazenych": 481823
        },
        {
            "datum": "2020-11-20",
            "prirustkovy_pocet_nakazenych": 5808,
            "kumulativni_pocet_nakazenych": 487631
        },
        {
            "datum": "2020-11-21",
            "prirustkovy_pocet_nakazenych": 3191,
            "kumulativni_pocet_nakazenych": 490822
        },
        {
            "datum": "2020-11-22",
            "prirustkovy_pocet_nakazenych": 1509,
            "kumulativni_pocet_nakazenych": 492331
        },
        {
            "datum": "2020-11-23",
            "prirustkovy_pocet_nakazenych": 4379,
            "kumulativni_pocet_nakazenych": 496710
        },
        {
            "datum": "2020-11-24",
            "prirustkovy_pocet_nakazenych": 5861,
            "kumulativni_pocet_nakazenych": 502571
        },
        {
            "datum": "2020-11-25",
            "prirustkovy_pocet_nakazenych": 4929,
            "kumulativni_pocet_nakazenych": 507500
        },
        {
            "datum": "2020-11-26",
            "prirustkovy_pocet_nakazenych": 4049,
            "kumulativni_pocet_nakazenych": 511549
        },
        {
            "datum": "2020-11-27",
            "prirustkovy_pocet_nakazenych": 4462,
            "kumulativni_pocet_nakazenych": 516011
        },
        {
            "datum": "2020-11-28",
            "prirustkovy_pocet_nakazenych": 2667,
            "kumulativni_pocet_nakazenych": 518678
        },
        {
            "datum": "2020-11-29",
            "prirustkovy_pocet_nakazenych": 1074,
            "kumulativni_pocet_nakazenych": 519752
        },
        {
            "datum": "2020-11-30",
            "prirustkovy_pocet_nakazenych": 3572,
            "kumulativni_pocet_nakazenych": 523324
        },
        {
            "datum": "2020-12-01",
            "prirustkovy_pocet_nakazenych": 5180,
            "kumulativni_pocet_nakazenych": 528504
        },
        {
            "datum": "2020-12-02",
            "prirustkovy_pocet_nakazenych": 4561,
            "kumulativni_pocet_nakazenych": 533065
        },
        {
            "datum": "2020-12-03",
            "prirustkovy_pocet_nakazenych": 4624,
            "kumulativni_pocet_nakazenych": 537689
        },
        {
            "datum": "2020-12-04",
            "prirustkovy_pocet_nakazenych": 4747,
            "kumulativni_pocet_nakazenych": 542436
        },
        {
            "datum": "2020-12-05",
            "prirustkovy_pocet_nakazenych": 3312,
            "kumulativni_pocet_nakazenych": 545748
        },
        {
            "datum": "2020-12-06",
            "prirustkovy_pocet_nakazenych": 1112,
            "kumulativni_pocet_nakazenych": 546860
        },
        {
            "datum": "2020-12-07",
            "prirustkovy_pocet_nakazenych": 4251,
            "kumulativni_pocet_nakazenych": 551111
        },
        {
            "datum": "2020-12-08",
            "prirustkovy_pocet_nakazenych": 5855,
            "kumulativni_pocet_nakazenych": 556966
        },
        {
            "datum": "2020-12-09",
            "prirustkovy_pocet_nakazenych": 6414,
            "kumulativni_pocet_nakazenych": 563380
        },
        {
            "datum": "2020-12-10",
            "prirustkovy_pocet_nakazenych": 5872,
            "kumulativni_pocet_nakazenych": 569252
        },
        {
            "datum": "2020-12-11",
            "prirustkovy_pocet_nakazenych": 6209,
            "kumulativni_pocet_nakazenych": 575461
        },
        {
            "datum": "2020-12-12",
            "prirustkovy_pocet_nakazenych": 3655,
            "kumulativni_pocet_nakazenych": 579116
        },
        {
            "datum": "2020-12-13",
            "prirustkovy_pocet_nakazenych": 1998,
            "kumulativni_pocet_nakazenych": 581114
        },
        {
            "datum": "2020-12-14",
            "prirustkovy_pocet_nakazenych": 5176,
            "kumulativni_pocet_nakazenych": 586290
        },
        {
            "datum": "2020-12-15",
            "prirustkovy_pocet_nakazenych": 7908,
            "kumulativni_pocet_nakazenych": 594198
        },
        {
            "datum": "2020-12-16",
            "prirustkovy_pocet_nakazenych": 8256,
            "kumulativni_pocet_nakazenych": 602454
        },
        {
            "datum": "2020-12-17",
            "prirustkovy_pocet_nakazenych": 7614,
            "kumulativni_pocet_nakazenych": 610068
        },
        {
            "datum": "2020-12-18",
            "prirustkovy_pocet_nakazenych": 8836,
            "kumulativni_pocet_nakazenych": 618904
        },
        {
            "datum": "2020-12-19",
            "prirustkovy_pocet_nakazenych": 5326,
            "kumulativni_pocet_nakazenych": 624230
        },
        {
            "datum": "2020-12-20",
            "prirustkovy_pocet_nakazenych": 3403,
            "kumulativni_pocet_nakazenych": 627633
        },
        {
            "datum": "2020-12-21",
            "prirustkovy_pocet_nakazenych": 7950,
            "kumulativni_pocet_nakazenych": 635583
        },
        {
            "datum": "2020-12-22",
            "prirustkovy_pocet_nakazenych": 10910,
            "kumulativni_pocet_nakazenych": 646493
        },
        {
            "datum": "2020-12-23",
            "prirustkovy_pocet_nakazenych": 14138,
            "kumulativni_pocet_nakazenych": 660631
        },
        {
            "datum": "2020-12-24",
            "prirustkovy_pocet_nakazenych": 4373,
            "kumulativni_pocet_nakazenych": 665004
        },
        {
            "datum": "2020-12-25",
            "prirustkovy_pocet_nakazenych": 2671,
            "kumulativni_pocet_nakazenych": 667675
        },
        {
            "datum": "2020-12-26",
            "prirustkovy_pocet_nakazenych": 3031,
            "kumulativni_pocet_nakazenych": 670706
        },
        {
            "datum": "2020-12-27",
            "prirustkovy_pocet_nakazenych": 3781,
            "kumulativni_pocet_nakazenych": 674487
        },
        {
            "datum": "2020-12-28",
            "prirustkovy_pocet_nakazenych": 10935,
            "kumulativni_pocet_nakazenych": 685422
        },
        {
            "datum": "2020-12-29",
            "prirustkovy_pocet_nakazenych": 16470,
            "kumulativni_pocet_nakazenych": 701892
        },
        {
            "datum": "2020-12-30",
            "prirustkovy_pocet_nakazenych": 17059,
            "kumulativni_pocet_nakazenych": 718951
        },
        {
            "datum": "2020-12-31",
            "prirustkovy_pocet_nakazenych": 13306,
            "kumulativni_pocet_nakazenych": 732257
        },
        {
            "datum": "2021-01-01",
            "prirustkovy_pocet_nakazenych": 3446,
            "kumulativni_pocet_nakazenych": 735703
        },
        {
            "datum": "2021-01-02",
            "prirustkovy_pocet_nakazenych": 4985,
            "kumulativni_pocet_nakazenych": 740688
        },
        {
            "datum": "2021-01-03",
            "prirustkovy_pocet_nakazenych": 6267,
            "kumulativni_pocet_nakazenych": 746955
        },
        {
            "datum": "2021-01-04",
            "prirustkovy_pocet_nakazenych": 12952,
            "kumulativni_pocet_nakazenych": 759907
        },
        {
            "datum": "2021-01-05",
            "prirustkovy_pocet_nakazenych": 17397,
            "kumulativni_pocet_nakazenych": 777304
        },
        {
            "datum": "2021-01-06",
            "prirustkovy_pocet_nakazenych": 17768,
            "kumulativni_pocet_nakazenych": 795072
        },
        {
            "datum": "2021-01-07",
            "prirustkovy_pocet_nakazenych": 14880,
            "kumulativni_pocet_nakazenych": 809952
        },
        {
            "datum": "2021-01-08",
            "prirustkovy_pocet_nakazenych": 13099,
            "kumulativni_pocet_nakazenych": 823051
        },
        {
            "datum": "2021-01-09",
            "prirustkovy_pocet_nakazenych": 8436,
            "kumulativni_pocet_nakazenych": 831487
        },
        {
            "datum": "2021-01-10",
            "prirustkovy_pocet_nakazenych": 4311,
            "kumulativni_pocet_nakazenych": 835798
        },
        {
            "datum": "2021-01-11",
            "prirustkovy_pocet_nakazenych": 9383,
            "kumulativni_pocet_nakazenych": 845181
        },
        {
            "datum": "2021-01-12",
            "prirustkovy_pocet_nakazenych": 10807,
            "kumulativni_pocet_nakazenych": 855988
        },
        {
            "datum": "2021-01-13",
            "prirustkovy_pocet_nakazenych": 10915,
            "kumulativni_pocet_nakazenych": 866903
        },
        {
            "datum": "2021-01-14",
            "prirustkovy_pocet_nakazenych": 8086,
            "kumulativni_pocet_nakazenych": 874989
        },
        {
            "datum": "2021-01-15",
            "prirustkovy_pocet_nakazenych": 9299,
            "kumulativni_pocet_nakazenych": 884288
        },
        {
            "datum": "2021-01-16",
            "prirustkovy_pocet_nakazenych": 5240,
            "kumulativni_pocet_nakazenych": 889528
        },
        {
            "datum": "2021-01-17",
            "prirustkovy_pocet_nakazenych": 2641,
            "kumulativni_pocet_nakazenych": 892169
        },
        {
            "datum": "2021-01-18",
            "prirustkovy_pocet_nakazenych": 7666,
            "kumulativni_pocet_nakazenych": 899835
        },
        {
            "datum": "2021-01-19",
            "prirustkovy_pocet_nakazenych": 9608,
            "kumulativni_pocet_nakazenych": 909443
        },
        {
            "datum": "2021-01-20",
            "prirustkovy_pocet_nakazenych": 8215,
            "kumulativni_pocet_nakazenych": 917658
        },
        {
            "datum": "2021-01-21",
            "prirustkovy_pocet_nakazenych": 7532,
            "kumulativni_pocet_nakazenych": 925190
        },
        {
            "datum": "2021-01-22",
            "prirustkovy_pocet_nakazenych": 8465,
            "kumulativni_pocet_nakazenych": 933655
        },
        {
            "datum": "2021-01-23",
            "prirustkovy_pocet_nakazenych": 4239,
            "kumulativni_pocet_nakazenych": 937894
        },
        {
            "datum": "2021-01-24",
            "prirustkovy_pocet_nakazenych": 2394,
            "kumulativni_pocet_nakazenych": 940288
        },
        {
            "datum": "2021-01-25",
            "prirustkovy_pocet_nakazenych": 6973,
            "kumulativni_pocet_nakazenych": 947261
        },
        {
            "datum": "2021-01-26",
            "prirustkovy_pocet_nakazenych": 9194,
            "kumulativni_pocet_nakazenych": 956455
        },
        {
            "datum": "2021-01-27",
            "prirustkovy_pocet_nakazenych": 8502,
            "kumulativni_pocet_nakazenych": 964957
        },
        {
            "datum": "2021-01-28",
            "prirustkovy_pocet_nakazenych": 8009,
            "kumulativni_pocet_nakazenych": 972966
        },
        {
            "datum": "2021-01-29",
            "prirustkovy_pocet_nakazenych": 8052,
            "kumulativni_pocet_nakazenych": 981018
        },
        {
            "datum": "2021-01-30",
            "prirustkovy_pocet_nakazenych": 4055,
            "kumulativni_pocet_nakazenych": 985073
        },
        {
            "datum": "2021-01-31",
            "prirustkovy_pocet_nakazenych": 2573,
            "kumulativni_pocet_nakazenych": 987646
        },
        {
            "datum": "2021-02-01",
            "prirustkovy_pocet_nakazenych": 7217,
            "kumulativni_pocet_nakazenych": 994863
        },
        {
            "datum": "2021-02-02",
            "prirustkovy_pocet_nakazenych": 9148,
            "kumulativni_pocet_nakazenych": 1004011
        },
        {
            "datum": "2021-02-03",
            "prirustkovy_pocet_nakazenych": 9666,
            "kumulativni_pocet_nakazenych": 1013677
        },
        {
            "datum": "2021-02-04",
            "prirustkovy_pocet_nakazenych": 8106,
            "kumulativni_pocet_nakazenych": 1021783
        },
        {
            "datum": "2021-02-05",
            "prirustkovy_pocet_nakazenych": 8621,
            "kumulativni_pocet_nakazenych": 1030404
        },
        {
            "datum": "2021-02-06",
            "prirustkovy_pocet_nakazenych": 4820,
            "kumulativni_pocet_nakazenych": 1035224
        },
        {
            "datum": "2021-02-07",
            "prirustkovy_pocet_nakazenych": 2451,
            "kumulativni_pocet_nakazenych": 1037675
        },
        {
            "datum": "2021-02-08",
            "prirustkovy_pocet_nakazenych": 7779,
            "kumulativni_pocet_nakazenych": 1045454
        },
        {
            "datum": "2021-02-09",
            "prirustkovy_pocet_nakazenych": 10281,
            "kumulativni_pocet_nakazenych": 1055735
        },
        {
            "datum": "2021-02-10",
            "prirustkovy_pocet_nakazenych": 9537,
            "kumulativni_pocet_nakazenych": 1065272
        },
        {
            "datum": "2021-02-11",
            "prirustkovy_pocet_nakazenych": 9017,
            "kumulativni_pocet_nakazenych": 1074289
        },
        {
            "datum": "2021-02-12",
            "prirustkovy_pocet_nakazenych": 8827,
            "kumulativni_pocet_nakazenych": 1083116
        },
        {
            "datum": "2021-02-13",
            "prirustkovy_pocet_nakazenych": 5141,
            "kumulativni_pocet_nakazenych": 1088257
        },
        {
            "datum": "2021-02-14",
            "prirustkovy_pocet_nakazenych": 2879,
            "kumulativni_pocet_nakazenych": 1091136
        },
        {
            "datum": "2021-02-15",
            "prirustkovy_pocet_nakazenych": 8905,
            "kumulativni_pocet_nakazenych": 1100041
        },
        {
            "datum": "2021-02-16",
            "prirustkovy_pocet_nakazenych": 12608,
            "kumulativni_pocet_nakazenych": 1112649
        },
        {
            "datum": "2021-02-17",
            "prirustkovy_pocet_nakazenych": 10937,
            "kumulativni_pocet_nakazenych": 1123586
        },
        {
            "datum": "2021-02-18",
            "prirustkovy_pocet_nakazenych": 11701,
            "kumulativni_pocet_nakazenych": 1135287
        },
        {
            "datum": "2021-02-19",
            "prirustkovy_pocet_nakazenych": 11286,
            "kumulativni_pocet_nakazenych": 1146573
        },
        {
            "datum": "2021-02-20",
            "prirustkovy_pocet_nakazenych": 6775,
            "kumulativni_pocet_nakazenych": 1153348
        },
        {
            "datum": "2021-02-21",
            "prirustkovy_pocet_nakazenych": 4066,
            "kumulativni_pocet_nakazenych": 1157414
        },
        {
            "datum": "2021-02-22",
            "prirustkovy_pocet_nakazenych": 11403,
            "kumulativni_pocet_nakazenych": 1168817
        },
        {
            "datum": "2021-02-23",
            "prirustkovy_pocet_nakazenych": 15840,
            "kumulativni_pocet_nakazenych": 1184657
        },
        {
            "datum": "2021-02-24",
            "prirustkovy_pocet_nakazenych": 13794,
            "kumulativni_pocet_nakazenych": 1198451
        },
        {
            "datum": "2021-02-25",
            "prirustkovy_pocet_nakazenych": 14586,
            "kumulativni_pocet_nakazenych": 1213037
        },
        {
            "datum": "2021-02-26",
            "prirustkovy_pocet_nakazenych": 14775,
            "kumulativni_pocet_nakazenych": 1227812
        },
        {
            "datum": "2021-02-27",
            "prirustkovy_pocet_nakazenych": 7822,
            "kumulativni_pocet_nakazenych": 1235634
        },
        {
            "datum": "2021-02-28",
            "prirustkovy_pocet_nakazenych": 4586,
            "kumulativni_pocet_nakazenych": 1240220
        },
        {
            "datum": "2021-03-01",
            "prirustkovy_pocet_nakazenych": 12323,
            "kumulativni_pocet_nakazenych": 1252543
        },
        {
            "datum": "2021-03-02",
            "prirustkovy_pocet_nakazenych": 16775,
            "kumulativni_pocet_nakazenych": 1269318
        },
        {
            "datum": "2021-03-03",
            "prirustkovy_pocet_nakazenych": 15238,
            "kumulativni_pocet_nakazenych": 1284556
        },
        {
            "datum": "2021-03-04",
            "prirustkovy_pocet_nakazenych": 14641,
            "kumulativni_pocet_nakazenych": 1299197
        },
        {
            "datum": "2021-03-05",
            "prirustkovy_pocet_nakazenych": 13166,
            "kumulativni_pocet_nakazenych": 1312363
        },
        {
            "datum": "2021-03-06",
            "prirustkovy_pocet_nakazenych": 9121,
            "kumulativni_pocet_nakazenych": 1321484
        },
        {
            "datum": "2021-03-07",
            "prirustkovy_pocet_nakazenych": 3979,
            "kumulativni_pocet_nakazenych": 1325463
        },
        {
            "datum": "2021-03-08",
            "prirustkovy_pocet_nakazenych": 10638,
            "kumulativni_pocet_nakazenych": 1336101
        },
        {
            "datum": "2021-03-09",
            "prirustkovy_pocet_nakazenych": 15346,
            "kumulativni_pocet_nakazenych": 1351447
        },
        {
            "datum": "2021-03-10",
            "prirustkovy_pocet_nakazenych": 14538,
            "kumulativni_pocet_nakazenych": 1365985
        },
        {
            "datum": "2021-03-11",
            "prirustkovy_pocet_nakazenych": 11233,
            "kumulativni_pocet_nakazenych": 1377218
        },
        {
            "datum": "2021-03-12",
            "prirustkovy_pocet_nakazenych": 14946,
            "kumulativni_pocet_nakazenych": 1392164
        },
        {
            "datum": "2021-03-13",
            "prirustkovy_pocet_nakazenych": 6914,
            "kumulativni_pocet_nakazenych": 1399078
        }
    ]
}