<?xml version="1.0" encoding="UTF-8" standalone="yes"?>
<studentiPredmetu><studentPredmetu><osCislo>R19118</osCislo><jmeno>Ondřej</jmeno><prijmeni>BERČÍK</prijmeni><stav>S</stav><userName>bercon00</userName><stprIdno>2142</stprIdno><nazevSp>Informatika</nazevSp><fakultaSp>PRF</fakultaSp><kodSp>B0613A140009</kodSp><formaSp>P</formaSp><typSp>B</typSp><typSpKey>7</typSpKey><mistoVyuky>O</mistoVyuky><rocnik>2</rocnik><financovani>1</financovani><oborKomb>INF</oborKomb><oborIdnos>5625</oborIdnos><email>bercon00@prfnw.upol.cz</email><cisloKarty>0C993347</cisloKarty><pohlavi>M</pohlavi><evidovanBankovniUcet>A</evidovanBankovniUcet><statutPredmetu>B</statutPredmetu></studentPredmetu><studentPredmetu><osCislo>R19705</osCislo><jmeno>Michal</jmeno><prijmeni>BEZDĚK</prijmeni><stav>S</stav><userName>bezdmi01</userName><stprIdno>2038</stprIdno><nazevSp>Aplikovaná informatika</nazevSp><fakultaSp>PRF</fakultaSp><kodSp>B0613A140008</kodSp><formaSp>P</formaSp><typSp>B</typSp><typSpKey>7</typSpKey><mistoVyuky>O</mistoVyuky><rocnik>2</rocnik><financovani>1</financovani><oborKomb>APLINF</oborKomb><oborIdnos>5452</oborIdnos><email>bezdmi01@prfnw.upol.cz</email><cisloKarty>AC0EBBE9</cisloKarty><pohlavi>M</pohlavi><evidovanBankovniUcet>A</evidovanBankovniUcet><statutPredmetu>B</statutPredmetu></studentPredmetu><studentPredmetu><osCislo>R19707</osCislo><jmeno>Jakub</jmeno><prijmeni>BRÁZDIL</prijmeni><stav>S</stav><userName>brazja01</userName><stprIdno>2038</stprIdno><nazevSp>Aplikovaná informatika</nazevSp><fakultaSp>PRF</fakultaSp><kodSp>B0613A140008</kodSp><formaSp>P</formaSp><typSp>B</typSp><typSpKey>7</typSpKey><mistoVyuky>O</mistoVyuky><rocnik>2</rocnik><financovani>1</financovani><oborKomb>APLINF</oborKomb><oborIdnos>5452</oborIdnos><email>brazja01@prfnw.upol.cz</email><cisloKarty>15DA1E47</cisloKarty><pohlavi>M</pohlavi><evidovanBankovniUcet>A</evidovanBankovniUcet><statutPredmetu>B</statutPredmetu></studentPredmetu><studentPredmetu><osCislo>R19709</osCislo><jmeno>Dominik Ján</jmeno><prijmeni>BYSTRIANSKÝ</prijmeni><stav>S</stav><userName>bystdo01</userName><stprIdno>2038</stprIdno><nazevSp>Aplikovaná informatika</nazevSp><fakultaSp>PRF</fakultaSp><kodSp>B0613A140008</kodSp><formaSp>P</formaSp><typSp>B</typSp><typSpKey>7</typSpKey><mistoVyuky>O</mistoVyuky><rocnik>2</rocnik><financovani>1</financovani><oborKomb>APLINF</oborKomb><oborIdnos>5452</oborIdnos><email>bystdo01@prfnw.upol.cz</email><cisloKarty>15DCFF37</cisloKarty><pohlavi>M</pohlavi><evidovanBankovniUcet>A</evidovanBankovniUcet><statutPredmetu>B</statutPredmetu></studentPredmetu><studentPredmetu><osCislo>R18557</osCislo><jmeno>Veronika</jmeno><prijmeni>ELŠÍKOVÁ</prijmeni><stav>S</stav><userName>elsive00</userName><stprIdno>514</stprIdno><nazevSp>Informatika</nazevSp><fakultaSp>PRF</fakultaSp><kodSp>B1801</kodSp><formaSp>P</formaSp><typSp>B</typSp><typSpKey>7</typSpKey><mistoVyuky>O</mistoVyuky><rocnik>3</rocnik><financovani>1</financovani><oborKomb>APLINF</oborKomb><oborIdnos>1037</oborIdnos><email>elsive00@prfnw.upol.cz</email><cisloKarty>CCB10406</cisloKarty><pohlavi>Ž</pohlavi><evidovanBankovniUcet>A</evidovanBankovniUcet><statutPredmetu>B</statutPredmetu></studentPredmetu><studentPredmetu><osCislo>R190175</osCislo><jmeno>František</jmeno><prijmeni>HASTÍK</prijmeni><stav>S</stav><userName>hastfr00</userName><stprIdno>2142</stprIdno><nazevSp>Informatika</nazevSp><fakultaSp>PRF</fakultaSp><kodSp>B0613A140009</kodSp><formaSp>P</formaSp><typSp>B</typSp><typSpKey>7</typSpKey><mistoVyuky>O</mistoVyuky><rocnik>2</rocnik><financovani>1</financovani><oborKomb>INF</oborKomb><oborIdnos>5625</oborIdnos><email>hastfr00@prfnw.upol.cz</email><cisloKarty>CCB08D56</cisloKarty><pohlavi>M</pohlavi><evidovanBankovniUcet>A</evidovanBankovniUcet><statutPredmetu>B</statutPredmetu></studentPredmetu><studentPredmetu><osCislo>R18569</osCislo><jmeno>Václav</jmeno><prijmeni>KLVAŇA</prijmeni><stav>S</stav><userName>klvava00</userName><stprIdno>514</stprIdno><nazevSp>Informatika</nazevSp><fakultaSp>PRF</fakultaSp><kodSp>B1801</kodSp><formaSp>P</formaSp><typSp>B</typSp><typSpKey>7</typSpKey><mistoVyuky>O</mistoVyuky><rocnik>2</rocnik><financovani>1</financovani><oborKomb>APLINF</oborKomb><oborIdnos>1037</oborIdnos><email>klvava00@prfnw.upol.cz</email><cisloKarty>CCB231B6</cisloKarty><pohlavi>M</pohlavi><evidovanBankovniUcet>A</evidovanBankovniUcet><statutPredmetu>B</statutPredmetu></studentPredmetu><studentPredmetu><osCislo>R19733</osCislo><jmeno>Iveta</jmeno><prijmeni>KOVAŘÍKOVÁ</prijmeni><stav>S</stav><userName>kovaiv04</userName><stprIdno>2038</stprIdno><nazevSp>Aplikovaná informatika</nazevSp><fakultaSp>PRF</fakultaSp><kodSp>B0613A140008</kodSp><formaSp>P</formaSp><typSp>B</typSp><typSpKey>7</typSpKey><mistoVyuky>O</mistoVyuky><rocnik>2</rocnik><financovani>1</financovani><oborKomb>APLINF</oborKomb><oborIdnos>5452</oborIdnos><email>kovaiv04@prfnw.upol.cz</email><cisloKarty>15E244B7</cisloKarty><pohlavi>Ž</pohlavi><evidovanBankovniUcet>A</evidovanBankovniUcet><statutPredmetu>B</statutPredmetu></studentPredmetu><studentPredmetu><osCislo>R19548</osCislo><jmeno>Michal</jmeno><prijmeni>KRUPÍK</prijmeni><stav>S</stav><userName>krupmi02</userName><stprIdno>2142</stprIdno><nazevSp>Informatika</nazevSp><fakultaSp>PRF</fakultaSp><kodSp>B0613A140009</kodSp><formaSp>P</formaSp><typSp>B</typSp><typSpKey>7</typSpKey><mistoVyuky>O</mistoVyuky><rocnik>2</rocnik><financovani>1</financovani><oborKomb>INF</oborKomb><oborIdnos>5625</oborIdnos><email>krupmi02@prfnw.upol.cz</email><cisloKarty>0C4CC597</cisloKarty><pohlavi>M</pohlavi><evidovanBankovniUcet>N</evidovanBankovniUcet><statutPredmetu>B</statutPredmetu></studentPredmetu><studentPredmetu><osCislo>R19734</osCislo><jmeno>Martin</jmeno><prijmeni>KRÚZA</prijmeni><stav>S</stav><userName>kruzma00</userName><stprIdno>2038</stprIdno><nazevSp>Aplikovaná informatika</nazevSp><fakultaSp>PRF</fakultaSp><kodSp>B0613A140008</kodSp><formaSp>P</formaSp><typSp>B</typSp><typSpKey>7</typSpKey><mistoVyuky>O</mistoVyuky><rocnik>2</rocnik><financovani>1</financovani><oborKomb>APLINF</oborKomb><oborIdnos>5452</oborIdnos><email>kruzma00@prfnw.upol.cz</email><cisloKarty>CCACEAE6</cisloKarty><pohlavi>M</pohlavi><evidovanBankovniUcet>N</evidovanBankovniUcet><statutPredmetu>B</statutPredmetu></studentPredmetu><studentPredmetu><osCislo>R19736</osCislo><jmeno>David</jmeno><prijmeni>KUČERA</prijmeni><stav>S</stav><userName>kuceda07</userName><stprIdno>2038</stprIdno><nazevSp>Aplikovaná informatika</nazevSp><fakultaSp>PRF</fakultaSp><kodSp>B0613A140008</kodSp><formaSp>P</formaSp><typSp>B</typSp><typSpKey>7</typSpKey><mistoVyuky>O</mistoVyuky><rocnik>2</rocnik><financovani>1</financovani><oborKomb>APLINF</oborKomb><oborIdnos>5452</oborIdnos><email>kuceda07@prfnw.upol.cz</email><cisloKarty>15DDD2B7</cisloKarty><pohlavi>M</pohlavi><evidovanBankovniUcet>A</evidovanBankovniUcet><statutPredmetu>B</statutPredmetu></studentPredmetu><studentPredmetu><osCislo>R19739</osCislo><jmeno>Rostislav</jmeno><prijmeni>LIŠKA</prijmeni><stav>S</stav><userName>liskro00</userName><stprIdno>2038</stprIdno><nazevSp>Aplikovaná informatika</nazevSp><fakultaSp>PRF</fakultaSp><kodSp>B0613A140008</kodSp><formaSp>P</formaSp><typSp>B</typSp><typSpKey>7</typSpKey><mistoVyuky>O</mistoVyuky><rocnik>2</rocnik><financovani>1</financovani><oborKomb>APLINF</oborKomb><oborIdnos>5452</oborIdnos><email>liskro00@prfnw.upol.cz</email><cisloKarty>0C5C1FA7</cisloKarty><pohlavi>M</pohlavi><evidovanBankovniUcet>A</evidovanBankovniUcet><statutPredmetu>B</statutPredmetu></studentPredmetu><studentPredmetu><osCislo>R190685</osCislo><jmeno>Petr</jmeno><prijmeni>MEIXNER</prijmeni><stav>S</stav><userName>meixpe00</userName><stprIdno>2142</stprIdno><nazevSp>Informatika</nazevSp><fakultaSp>PRF</fakultaSp><kodSp>B0613A140009</kodSp><formaSp>P</formaSp><typSp>B</typSp><typSpKey>7</typSpKey><mistoVyuky>O</mistoVyuky><rocnik>2</rocnik><financovani>1</financovani><oborKomb>INF</oborKomb><oborIdnos>5625</oborIdnos><email>meixpe00@prfnw.upol.cz</email><pohlavi>M</pohlavi><evidovanBankovniUcet>A</evidovanBankovniUcet><statutPredmetu>B</statutPredmetu></studentPredmetu><studentPredmetu><osCislo>R19743</osCislo><jmeno>Erik Daniel</jmeno><prijmeni>MURGAŠ</prijmeni><stav>S</stav><userName>murger00</userName><stprIdno>2038</stprIdno><nazevSp>Aplikovaná informatika</nazevSp><fakultaSp>PRF</fakultaSp><kodSp>B0613A140008</kodSp><formaSp>P</formaSp><typSp>B</typSp><typSpKey>7</typSpKey><mistoVyuky>O</mistoVyuky><rocnik>2</rocnik><financovani>1</financovani><oborKomb>APLINF</oborKomb><oborIdnos>5452</oborIdnos><email>murger00@prfnw.upol.cz</email><cisloKarty>AB2DBC49</cisloKarty><pohlavi>M</pohlavi><evidovanBankovniUcet>A</evidovanBankovniUcet><statutPredmetu>B</statutPredmetu></studentPredmetu><studentPredmetu><osCislo>R19744</osCislo><jmeno>Tomáš</jmeno><prijmeni>NÁDVORNÍK</prijmeni><stav>S</stav><userName>nadvto01</userName><stprIdno>2038</stprIdno><nazevSp>Aplikovaná informatika</nazevSp><fakultaSp>PRF</fakultaSp><kodSp>B0613A140008</kodSp><formaSp>P</formaSp><typSp>B</typSp><typSpKey>7</typSpKey><mistoVyuky>O</mistoVyuky><rocnik>2</rocnik><financovani>1</financovani><oborKomb>APLINF</oborKomb><oborIdnos>5452</oborIdnos><email>nadvto01@prfnw.upol.cz</email><cisloKarty>0C983DA7</cisloKarty><pohlavi>M</pohlavi><evidovanBankovniUcet>N</evidovanBankovniUcet><statutPredmetu>B</statutPredmetu></studentPredmetu><studentPredmetu><osCislo>R190733</osCislo><jmeno>Lukáš</jmeno><prijmeni>NETŘEBA</prijmeni><stav>S</stav><userName>netrlu00</userName><stprIdno>2142</stprIdno><nazevSp>Informatika</nazevSp><fakultaSp>PRF</fakultaSp><kodSp>B0613A140009</kodSp><formaSp>P</formaSp><typSp>B</typSp><typSpKey>7</typSpKey><mistoVyuky>O</mistoVyuky><rocnik>2</rocnik><financovani>1</financovani><oborKomb>INF</oborKomb><oborIdnos>5625</oborIdnos><email>netrlu00@prfnw.upol.cz</email><cisloKarty>AC102F89</cisloKarty><pohlavi>M</pohlavi><evidovanBankovniUcet>A</evidovanBankovniUcet><statutPredmetu>B</statutPredmetu></studentPredmetu><studentPredmetu><osCislo>R19747</osCislo><jmeno>Katarína</jmeno><prijmeni>OLEJKOVÁ</prijmeni><stav>S</stav><userName>olejka02</userName><stprIdno>2038</stprIdno><nazevSp>Aplikovaná informatika</nazevSp><fakultaSp>PRF</fakultaSp><kodSp>B0613A140008</kodSp><formaSp>P</formaSp><typSp>B</typSp><typSpKey>7</typSpKey><mistoVyuky>O</mistoVyuky><rocnik>2</rocnik><financovani>1</financovani><oborKomb>APLINF</oborKomb><oborIdnos>5452</oborIdnos><email>olejka02@prfnw.upol.cz</email><cisloKarty>CDDD0E96</cisloKarty><pohlavi>Ž</pohlavi><evidovanBankovniUcet>A</evidovanBankovniUcet><statutPredmetu>B</statutPredmetu></studentPredmetu><studentPredmetu><osCislo>R19748</osCislo><jmeno>Ondřej</jmeno><prijmeni>PAVELKA</prijmeni><stav>S</stav><userName>paveon03</userName><stprIdno>2038</stprIdno><nazevSp>Aplikovaná informatika</nazevSp><fakultaSp>PRF</fakultaSp><kodSp>B0613A140008</kodSp><formaSp>P</formaSp><typSp>B</typSp><typSpKey>7</typSpKey><mistoVyuky>O</mistoVyuky><rocnik>2</rocnik><financovani>1</financovani><oborKomb>APLINF</oborKomb><oborIdnos>5452</oborIdnos><email>paveon03@prfnw.upol.cz</email><cisloKarty>15D8DB07</cisloKarty><pohlavi>M</pohlavi><evidovanBankovniUcet>A</evidovanBankovniUcet><statutPredmetu>B</statutPredmetu></studentPredmetu><studentPredmetu><osCislo>R19750</osCislo><jmeno>Václav</jmeno><prijmeni>PROCHÁZKA</prijmeni><stav>S</stav><userName>procva01</userName><stprIdno>2038</stprIdno><nazevSp>Aplikovaná informatika</nazevSp><fakultaSp>PRF</fakultaSp><kodSp>B0613A140008</kodSp><formaSp>P</formaSp><typSp>B</typSp><typSpKey>7</typSpKey><mistoVyuky>O</mistoVyuky><rocnik>2</rocnik><financovani>1</financovani><oborKomb>APLINF</oborKomb><oborIdnos>5452</oborIdnos><email>procva01@prfnw.upol.cz</email><cisloKarty>15E34DF7</cisloKarty><pohlavi>M</pohlavi><evidovanBankovniUcet>A</evidovanBankovniUcet><statutPredmetu>B</statutPredmetu></studentPredmetu><studentPredmetu><osCislo>R19129</osCislo><jmeno>Zdeněk</jmeno><prijmeni>RIEGEL</prijmeni><stav>S</stav><userName>riegzd00</userName><stprIdno>2142</stprIdno><nazevSp>Informatika</nazevSp><fakultaSp>PRF</fakultaSp><kodSp>B0613A140009</kodSp><formaSp>P</formaSp><typSp>B</typSp><typSpKey>7</typSpKey><mistoVyuky>O</mistoVyuky><rocnik>2</rocnik><financovani>1</financovani><oborKomb>INF</oborKomb><oborIdnos>5625</oborIdnos><email>riegzd00@prfnw.upol.cz</email><cisloKarty>AB234229</cisloKarty><pohlavi>M</pohlavi><evidovanBankovniUcet>N</evidovanBankovniUcet><statutPredmetu>B</statutPredmetu></studentPredmetu><studentPredmetu><osCislo>R19752</osCislo><jmeno>Karyna</jmeno><prijmeni>ROZNIUK</prijmeni><stav>S</stav><userName>roznka02</userName><stprIdno>2038</stprIdno><nazevSp>Aplikovaná informatika</nazevSp><fakultaSp>PRF</fakultaSp><kodSp>B0613A140008</kodSp><formaSp>P</formaSp><typSp>B</typSp><typSpKey>7</typSpKey><mistoVyuky>O</mistoVyuky><rocnik>2</rocnik><financovani>1</financovani><oborKomb>APLINF</oborKomb><oborIdnos>5452</oborIdnos><email>roznka02@prfnw.upol.cz</email><cisloKarty>15DD8A97</cisloKarty><pohlavi>Ž</pohlavi><evidovanBankovniUcet>A</evidovanBankovniUcet><statutPredmetu>B</statutPredmetu></studentPredmetu><studentPredmetu><osCislo>R190176</osCislo><jmeno>Yevhenii</jmeno><prijmeni>RUBANSKYI</prijmeni><stav>S</stav><userName>rubaye00</userName><stprIdno>2142</stprIdno><nazevSp>Informatika</nazevSp><fakultaSp>PRF</fakultaSp><kodSp>B0613A140009</kodSp><formaSp>P</formaSp><typSp>B</typSp><typSpKey>7</typSpKey><mistoVyuky>O</mistoVyuky><rocnik>2</rocnik><financovani>1</financovani><oborKomb>INF</oborKomb><oborIdnos>5625</oborIdnos><email>rubaye00@prfnw.upol.cz</email><cisloKarty>15E2EAC7</cisloKarty><pohlavi>M</pohlavi><evidovanBankovniUcet>A</evidovanBankovniUcet><statutPredmetu>B</statutPredmetu></studentPredmetu><studentPredmetu><osCislo>R19753</osCislo><jmeno>Marek</jmeno><prijmeni>SCHINDLER</prijmeni><stav>S</stav><userName>schima09</userName><stprIdno>2038</stprIdno><nazevSp>Aplikovaná informatika</nazevSp><fakultaSp>PRF</fakultaSp><kodSp>B0613A140008</kodSp><formaSp>P</formaSp><typSp>B</typSp><typSpKey>7</typSpKey><mistoVyuky>O</mistoVyuky><rocnik>2</rocnik><financovani>1</financovani><oborKomb>APLINF</oborKomb><oborIdnos>5452</oborIdnos><email>schima09@prfnw.upol.cz</email><cisloKarty>0C4CC577</cisloKarty><pohlavi>M</pohlavi><evidovanBankovniUcet>A</evidovanBankovniUcet><statutPredmetu>B</statutPredmetu></studentPredmetu><studentPredmetu><osCislo>R19754</osCislo><jmeno>Martin</jmeno><prijmeni>SCHMIDKE</prijmeni><stav>S</stav><userName>schmma04</userName><stprIdno>2038</stprIdno><nazevSp>Aplikovaná informatika</nazevSp><fakultaSp>PRF</fakultaSp><kodSp>B0613A140008</kodSp><formaSp>P</formaSp><typSp>B</typSp><typSpKey>7</typSpKey><mistoVyuky>O</mistoVyuky><rocnik>2</rocnik><financovani>1</financovani><oborKomb>APLINF</oborKomb><oborIdnos>5452</oborIdnos><email>schmma04@prfnw.upol.cz</email><cisloKarty>AB047679</cisloKarty><pohlavi>M</pohlavi><evidovanBankovniUcet>A</evidovanBankovniUcet><statutPredmetu>B</statutPredmetu></studentPredmetu><studentPredmetu><osCislo>R19759</osCislo><jmeno>Jan</jmeno><prijmeni>STŘELÁK</prijmeni><stav>S</stav><userName>streja07</userName><stprIdno>2038</stprIdno><nazevSp>Aplikovaná informatika</nazevSp><fakultaSp>PRF</fakultaSp><kodSp>B0613A140008</kodSp><formaSp>P</formaSp><typSp>B</typSp><typSpKey>7</typSpKey><mistoVyuky>O</mistoVyuky><rocnik>2</rocnik><financovani>1</financovani><oborKomb>APLINF</oborKomb><oborIdnos>5452</oborIdnos><email>streja07@prfnw.upol.cz</email><cisloKarty>15E34C47</cisloKarty><pohlavi>M</pohlavi><evidovanBankovniUcet>A</evidovanBankovniUcet><statutPredmetu>B</statutPredmetu></studentPredmetu><studentPredmetu><osCislo>R18603</osCislo><jmeno>Jan</jmeno><prijmeni>ŠÁNDOR</prijmeni><stav>S</stav><userName>sandja00</userName><stprIdno>514</stprIdno><nazevSp>Informatika</nazevSp><fakultaSp>PRF</fakultaSp><kodSp>B1801</kodSp><formaSp>P</formaSp><typSp>B</typSp><typSpKey>7</typSpKey><mistoVyuky>O</mistoVyuky><rocnik>3</rocnik><financovani>1</financovani><oborKomb>APLINF</oborKomb><oborIdnos>1037</oborIdnos><email>sandja00@prfnw.upol.cz</email><cisloKarty>15E3C647</cisloKarty><pohlavi>M</pohlavi><evidovanBankovniUcet>A</evidovanBankovniUcet><statutPredmetu>B</statutPredmetu></studentPredmetu><studentPredmetu><osCislo>R19173</osCislo><jmeno>Michal</jmeno><prijmeni>ŠIMČÍK</prijmeni><stav>S</stav><userName>simcmi03</userName><stprIdno>2029</stprIdno><nazevSp>Informatika pro vzdělávání</nazevSp><fakultaSp>PRF</fakultaSp><kodSp>B0114A140001</kodSp><formaSp>P</formaSp><typSp>B</typSp><typSpKey>7</typSpKey><mistoVyuky>O</mistoVyuky><rocnik>2</rocnik><financovani>1</financovani><oborKomb>IVma-Zmi</oborKomb><oborIdnos>5427,5436</oborIdnos><email>simcmi03@prfnw.upol.cz</email><cisloKarty>15E35DC7</cisloKarty><pohlavi>M</pohlavi><evidovanBankovniUcet>A</evidovanBankovniUcet><statutPredmetu>B</statutPredmetu></studentPredmetu><studentPredmetu><osCislo>R19761</osCislo><jmeno>Martin</jmeno><prijmeni>ŠKULAVÍK</prijmeni><stav>S</stav><userName>skulma01</userName><stprIdno>2038</stprIdno><nazevSp>Aplikovaná informatika</nazevSp><fakultaSp>PRF</fakultaSp><kodSp>B0613A140008</kodSp><formaSp>P</formaSp><typSp>B</typSp><typSpKey>7</typSpKey><mistoVyuky>O</mistoVyuky><rocnik>2</rocnik><financovani>1</financovani><oborKomb>APLINF</oborKomb><oborIdnos>5452</oborIdnos><email>skulma01@prfnw.upol.cz</email><cisloKarty>AC203BA9</cisloKarty><pohlavi>M</pohlavi><evidovanBankovniUcet>A</evidovanBankovniUcet><statutPredmetu>B</statutPredmetu></studentPredmetu><studentPredmetu><osCislo>R19763</osCislo><jmeno>Michal</jmeno><prijmeni>TOMÁŠEK</prijmeni><stav>S</stav><userName>tomasemi</userName><stprIdno>2038</stprIdno><nazevSp>Aplikovaná informatika</nazevSp><fakultaSp>PRF</fakultaSp><kodSp>B0613A140008</kodSp><formaSp>P</formaSp><typSp>B</typSp><typSpKey>7</typSpKey><mistoVyuky>O</mistoVyuky><rocnik>2</rocnik><financovani>1</financovani><oborKomb>APLINF</oborKomb><oborIdnos>5452</oborIdnos><email>tomasemi@prfnw.upol.cz</email><cisloKarty>15E30A47</cisloKarty><pohlavi>M</pohlavi><evidovanBankovniUcet>N</evidovanBankovniUcet><statutPredmetu>B</statutPredmetu></studentPredmetu><studentPredmetu><osCislo>R19136</osCislo><jmeno>Martin</jmeno><prijmeni>VÍTEK</prijmeni><stav>S</stav><userName>vitema03</userName><stprIdno>2142</stprIdno><nazevSp>Informatika</nazevSp><fakultaSp>PRF</fakultaSp><kodSp>B0613A140009</kodSp><formaSp>P</formaSp><typSp>B</typSp><typSpKey>7</typSpKey><mistoVyuky>O</mistoVyuky><rocnik>2</rocnik><financovani>1</financovani><oborKomb>INF</oborKomb><oborIdnos>5625</oborIdnos><email>vitema03@prfnw.upol.cz</email><cisloKarty>0CB24227</cisloKarty><pohlavi>M</pohlavi><evidovanBankovniUcet>A</evidovanBankovniUcet><statutPredmetu>B</statutPredmetu></studentPredmetu><studentPredmetu><osCislo>R19769</osCislo><jmeno>Alexandr</jmeno><prijmeni>VYROUBAL</prijmeni><stav>S</stav><userName>vyroal01</userName><stprIdno>2038</stprIdno><nazevSp>Aplikovaná informatika</nazevSp><fakultaSp>PRF</fakultaSp><kodSp>B0613A140008</kodSp><formaSp>P</formaSp><typSp>B</typSp><typSpKey>7</typSpKey><mistoVyuky>O</mistoVyuky><rocnik>2</rocnik><financovani>1</financovani><oborKomb>APLINF</oborKomb><oborIdnos>5452</oborIdnos><email>vyroal01@prfnw.upol.cz</email><cisloKarty>15DA5C67</cisloKarty><pohlavi>M</pohlavi><evidovanBankovniUcet>N</evidovanBankovniUcet><statutPredmetu>B</statutPredmetu></studentPredmetu></studentiPredmetu>
